Workbook

Sheet Inicio
A1: EXCEL MAESTRO - MANIOBRAS DE DESCARGA
A3: Objetivo | B3: Registrar maniobras, trabajadores, importes manuales, pagos pendientes y pagos realizados.
A4: Paso 1 | B4: Actualiza Criterios con productos y tarifas cuando cambien.
A5: Paso 2 | B5: Actualiza Trabajadores con la lista final y extras de referencia si aplican.
A6: Paso 3 | B6: Captura cada maniobra en Maniobras y sus participantes en Detalle_Pagos.
A7: Paso 4 | B7: Marca Pagado? como Si o No por trabajador.
A8: Paso 5 | B8: Consulta Pendientes, Resumen y Ficha para imprimir/firmar.

Sheet Criterios
A1: CRITERIOS / TARIFAS EDITABLES
A3: Producto | B3: Dentro horario | C3: Fuera horario | D3: Activo
A4: MAIZ | B4: 50 | C4: 60 | D4: Si
A5: SORGO | B5: 50 | C5: 60 | D5: Si
A6: SOYA | B6: 60 | C6: 70 | D6: Si
A7: SALVADO | B7: 40 | C7: 50 | D7: Si
A8: DDG | B8: 50 | C8: 60 | D8: Si
A9: ROLADO | B9: 40 | C9: 50 | D9: Si
A10: CALCIO | B10: 40 | C10: 50 | D10: Si
D11: Si
D12: Si
D13: Si
D14: Si
D15: Si
D16: Si
D17: Si
D18: Si
D19: Si
D20: Si
D21: Si
D22: Si
... D82: Si

Sheet Trabajadores
A1: TRABAJADORES EDITABLES
A4: ID | B4: Trabajador | C4: Activo | D4: Extra referencia | E4: Notas
A5: 1 | B5: Carlos Salas | C5: Si | D5: 100
A6: 2 | B6: Juan | C6: Si | D6: 0
A7: 3 | B7: Uriel | C7: Si | D7: 0
A8: 4 | B8: Eliseo | C8: Si | D8: 0
A9: 5 | B9: Marcos | C9: Si | D9: 0
A10: 6 | B10: Fabián | C10: Si | D10: 0
A11: 7 | B11: Ramses | C11: Si | D11: 0
A12: 8 | B12: Emanuel | C12: Si | D12: 0
A13: 9 | B13: Ahmed | C13: Si | D13: 0
A14: 10 | B14: Juan Carlos | C14: Si | D14: 0
A15: 11 | B15: Gabriel | C15: Si | D15: 0
A16: 12 | B16: Pavel | C16: Si | D16: 0
A17: 13 | B17: Severiano | C17: Si | D17: 0
A18: 14 | C18: Si | D18: 0
A19: 15 | C19: Si | D19: 0
A20: 16 | C20: Si | D20: 0
A21: 17 | C21: Si | D21: 0
A22: 18 | C22: Si | D22: 0
A23: 19 | C23: Si | D23: 0
A24: 20 | C24: Si | D24: 0
A25: 21 | C25: Si | D25: 0
A26: 22 | C26: Si | D26: 0
A27: 23 | C27: Si | D27: 0
A28: 24 | C28: Si | D28: 0
A29: 25 | C29: Si | D29: 0
... A204: 200 | C204: Si | D204: 0

Sheet Maniobras
A1: REGISTRO DE MANIOBRAS
A4: No. maniobra | B4: Fecha | C4: Horario descarga | D4: Producto | E4: Tipo tarifa | F4: Toneladas | G4: Tarifa auto | H4: Ajuste total | I4: Total maniobra | J4: # trabajadores | K4: Importe sugerido | L4: Total manual | M4: Pendiente | N4: Estado | O4: Observaciones
A5: 41 | B5: 46147 | C5: 5:30-6:30 | D5: SORGO | E5: Fuera horario | F5: 19.5 | G5: =IF(A5="","",IFERROR(INDEX(Criterios!$B$4:$C$83,MATCH(D5,Criterios!$A$4:$A$83,0),IF(E5="Dentro horario",1,2)),"")) -> 60 | H5: -100 | I5: =IF(A5="","",IF(OR(F5="",G5=""),"",F5*G5+N(H5))) -> 1070 | J5: =IF(A5="","",COUNTIF(Detalle_Pagos!$A$5:$A$2004,A5)) -> 7 | K5: =IF(A5="","",IF(OR(J5=0,I5=""),"",I5/J5)) -> 152.85714 | L5: =IF(A5="","",SUMIF(Detalle_Pagos!$A$5:$A$2004,A5,Detalle_Pagos!$I$5:$I$2004)) -> 1050 | M5: =IF(A5="","",SUMIFS(Detalle_Pagos!$I$5:$I$2004,Detalle_Pagos!$A$5:$A$2004,A5,Detalle_Pagos!$J$5:$J$2004,"No")) -> 1050 | N5: =IF(A5="","",IF(J5=0,"Sin detalle",IF(M5=0,"Pagada","Pendiente"))) -> Pendiente
A6: 42 | B6: 46148 | C6: 5:30-19:00 | D6: MAIZ | E6: Fuera horario | F6: 37 | G6: =IF(A6="","",IFERROR(INDEX(Criterios!$B$4:$C$83,MATCH(D6,Criterios!$A$4:$A$83,0),IF(E6="Dentro horario",1,2)),"")) -> 60 | H6: -100 | I6: =IF(A6="","",IF(OR(F6="",G6=""),"",F6*G6+N(H6))) -> 2120 | J6: =IF(A6="","",COUNTIF(Detalle_Pagos!$A$5:$A$2004,A6)) -> 7 | K6: =IF(A6="","",IF(OR(J6=0,I6=""),"",I6/J6)) -> 302.85714 | L6: =IF(A6="","",SUMIF(Detalle_Pagos!$A$5:$A$2004,A6,Detalle_Pagos!$I$5:$I$2004)) -> 2100 | M6: =IF(A6="","",SUMIFS(Detalle_Pagos!$I$5:$I$2004,Detalle_Pagos!$A$5:$A$2004,A6,Detalle_Pagos!$J$5:$J$2004,"No")) -> 2100 | N6: =IF(A6="","",IF(J6=0,"Sin detalle",IF(M6=0,"Pagada","Pendiente"))) -> Pendiente
G7: =IF(A7="","",IFERROR(INDEX(Criterios!$B$4:$C$83,MATCH(D7,Criterios!$A$4:$A$83,0),IF(E7="Dentro horario",1,2)),"")) | I7: =IF(A7="","",IF(OR(F7="",G7=""),"",F7*G7+N(H7))) | J7: =IF(A7="","",COUNTIF(Detalle_Pagos!$A$5:$A$2004,A7)) | K7: =IF(A7="","",IF(OR(J7=0,I7=""),"",I7/J7)) | L7: =IF(A7="","",SUMIF(Detalle_Pagos!$A$5:$A$2004,A7,Detalle_Pagos!$I$5:$I$2004)) | M7: =IF(A7="","",SUMIFS(Detalle_Pagos!$I$5:$I$2004,Detalle_Pagos!$A$5:$A$2004,A7,Detalle_Pagos!$J$5:$J$2004,"No")) | N7: =IF(A7="","",IF(J7=0,"Sin detalle",IF(M7=0,"Pagada","Pendiente")))
G8: =IF(A8="","",IFERROR(INDEX(Criterios!$B$4:$C$83,MATCH(D8,Criterios!$A$4:$A$83,0),IF(E8="Dentro horario",1,2)),"")) | I8: =IF(A8="","",IF(OR(F8="",G8=""),"",F8*G8+N(H8))) | J8: =IF(A8="","",COUNTIF(Detalle_Pagos!$A$5:$A$2004,A8)) | K8: =IF(A8="","",IF(OR(J8=0,I8=""),"",I8/J8)) | L8: =IF(A8="","",SUMIF(Detalle_Pagos!$A$5:$A$2004,A8,Detalle_Pagos!$I$5:$I$2004)) | M8: =IF(A8="","",SUMIFS(Detalle_Pagos!$I$5:$I$2004,Detalle_Pagos!$A$5:$A$2004,A8,Detalle_Pagos!$J$5:$J$2004,"No")) | N8: =IF(A8="","",IF(J8=0,"Sin detalle",IF(M8=0,"Pagada","Pendiente")))
G9: =IF(A9="","",IFERROR(INDEX(Criterios!$B$4:$C$83,MATCH(D9,Criterios!$A$4:$A$83,0),IF(E9="Dentro horario",1,2)),"")) | I9: =IF(A9="","",IF(OR(F9="",G9=""),"",F9*G9+N(H9))) | J9: =IF(A9="","",COUNTIF(Detalle_Pagos!$A$5:$A$2004,A9)) | K9: =IF(A9="","",IF(OR(J9=0,I9=""),"",I9/J9)) | L9: =IF(A9="","",SUMIF(Detalle_Pagos!$A$5:$A$2004,A9,Detalle_Pagos!$I$5:$I$2004)) | M9: =IF(A9="","",SUMIFS(Detalle_Pagos!$I$5:$I$2004,Detalle_Pagos!$A$5:$A$2004,A9,Detalle_Pagos!$J$5:$J$2004,"No")) | N9: =IF(A9="","",IF(J9=0,"Sin detalle",IF(M9=0,"Pagada","Pendiente")))
G10: =IF(A10="","",IFERROR(INDEX(Criterios!$B$4:$C$83,MATCH(D10,Criterios!$A$4:$A$83,0),IF(E10="Dentro horario",1,2)),"")) | I10: =IF(A10="","",IF(OR(F10="",G10=""),"",F10*G10+N(H10))) | J10: =IF(A10="","",COUNTIF(Detalle_Pagos!$A$5:$A$2004,A10)) | K10: =IF(A10="","",IF(OR(J10=0,I10=""),"",I10/J10)) | L10: =IF(A10="","",SUMIF(Detalle_Pagos!$A$5:$A$2004,A10,Detalle_Pagos!$I$5:$I$2004)) | M10: =IF(A10="","",SUMIFS(Detalle_Pagos!$I$5:$I$2004,Detalle_Pagos!$A$5:$A$2004,A10,Detalle_Pagos!$J$5:$J$2004,"No")) | N10: =IF(A10="","",IF(J10=0,"Sin detalle",IF(M10=0,"Pagada","Pendiente")))
G11: =IF(A11="","",IFERROR(INDEX(Criterios!$B$4:$C$83,MATCH(D11,Criterios!$A$4:$A$83,0),IF(E11="Dentro horario",1,2)),"")) | I11: =IF(A11="","",IF(OR(F11="",G11=""),"",F11*G11+N(H11))) | J11: =IF(A11="","",COUNTIF(Detalle_Pagos!$A$5:$A$2004,A11)) | K11: =IF(A11="","",IF(OR(J11=0,I11=""),"",I11/J11)) | L11: =IF(A11="","",SUMIF(Detalle_Pagos!$A$5:$A$2004,A11,Detalle_Pagos!$I$5:$I$2004)) | M11: =IF(A11="","",SUMIFS(Detalle_Pagos!$I$5:$I$2004,Detalle_Pagos!$A$5:$A$2004,A11,Detalle_Pagos!$J$5:$J$2004,"No")) | N11: =IF(A11="","",IF(J11=0,"Sin detalle",IF(M11=0,"Pagada","Pendiente")))
G12: =IF(A12="","",IFERROR(INDEX(Criterios!$B$4:$C$83,MATCH(D12,Criterios!$A$4:$A$83,0),IF(E12="Dentro horario",1,2)),"")) | I12: =IF(A12="","",IF(OR(F12="",G12=""),"",F12*G12+N(H12))) | J12: =IF(A12="","",COUNTIF(Detalle_Pagos!$A$5:$A$2004,A12)) | K12: =IF(A12="","",IF(OR(J12=0,I12=""),"",I12/J12)) | L12: =IF(A12="","",SUMIF(Detalle_Pagos!$A$5:$A$2004,A12,Detalle_Pagos!$I$5:$I$2004)) | M12: =IF(A12="","",SUMIFS(Detalle_Pagos!$I$5:$I$2004,Detalle_Pagos!$A$5:$A$2004,A12,Detalle_Pagos!$J$5:$J$2004,"No")) | N12: =IF(A12="","",IF(J12=0,"Sin detalle",IF(M12=0,"Pagada","Pendiente")))
G13: =IF(A13="","",IFERROR(INDEX(Criterios!$B$4:$C$83,MATCH(D13,Criterios!$A$4:$A$83,0),IF(E13="Dentro horario",1,2)),"")) | I13: =IF(A13="","",IF(OR(F13="",G13=""),"",F13*G13+N(H13))) | J13: =IF(A13="","",COUNTIF(Detalle_Pagos!$A$5:$A$2004,A13)) | K13: =IF(A13="","",IF(OR(J13=0,I13=""),"",I13/J13)) | L13: =IF(A13="","",SUMIF(Detalle_Pagos!$A$5:$A$2004,A13,Detalle_Pagos!$I$5:$I$2004)) | M13: =IF(A13="","",SUMIFS(Detalle_Pagos!$I$5:$I$2004,Detalle_Pagos!$A$5:$A$2004,A13,Detalle_Pagos!$J$5:$J$2004,"No")) | N13: =IF(A13="","",IF(J13=0,"Sin detalle",IF(M13=0,"Pagada","Pendiente")))
G14: =IF(A14="","",IFERROR(INDEX(Criterios!$B$4:$C$83,MATCH(D14,Criterios!$A$4:$A$83,0),IF(E14="Dentro horario",1,2)),"")) | I14: =IF(A14="","",IF(OR(F14="",G14=""),"",F14*G14+N(H14))) | J14: =IF(A14="","",COUNTIF(Detalle_Pagos!$A$5:$A$2004,A14)) | K14: =IF(A14="","",IF(OR(J14=0,I14=""),"",I14/J14)) | L14: =IF(A14="","",SUMIF(Detalle_Pagos!$A$5:$A$2004,A14,Detalle_Pagos!$I$5:$I$2004)) | M14: =IF(A14="","",SUMIFS(Detalle_Pagos!$I$5:$I$2004,Detalle_Pagos!$A$5:$A$2004,A14,Detalle_Pagos!$J$5:$J$2004,"No")) | N14: =IF(A14="","",IF(J14=0,"Sin detalle",IF(M14=0,"Pagada","Pendiente")))
G15: =IF(A15="","",IFERROR(INDEX(Criterios!$B$4:$C$83,MATCH(D15,Criterios!$A$4:$A$83,0),IF(E15="Dentro horario",1,2)),"")) | I15: =IF(A15="","",IF(OR(F15="",G15=""),"",F15*G15+N(H15))) | J15: =IF(A15="","",COUNTIF(Detalle_Pagos!$A$5:$A$2004,A15)) | K15: =IF(A15="","",IF(OR(J15=0,I15=""),"",I15/J15)) | L15: =IF(A15="","",SUMIF(Detalle_Pagos!$A$5:$A$2004,A15,Detalle_Pagos!$I$5:$I$2004)) | M15: =IF(A15="","",SUMIFS(Detalle_Pagos!$I$5:$I$2004,Detalle_Pagos!$A$5:$A$2004,A15,Detalle_Pagos!$J$5:$J$2004,"No")) | N15: =IF(A15="","",IF(J15=0,"Sin detalle",IF(M15=0,"Pagada","Pendiente")))
G16: =IF(A16="","",IFERROR(INDEX(Criterios!$B$4:$C$83,MATCH(D16,Criterios!$A$4:$A$83,0),IF(E16="Dentro horario",1,2)),"")) | I16: =IF(A16="","",IF(OR(F16="",G16=""),"",F16*G16+N(H16))) | J16: =IF(A16="","",COUNTIF(Detalle_Pagos!$A$5:$A$2004,A16)) | K16: =IF(A16="","",IF(OR(J16=0,I16=""),"",I16/J16)) | L16: =IF(A16="","",SUMIF(Detalle_Pagos!$A$5:$A$2004,A16,Detalle_Pagos!$I$5:$I$2004)) | M16: =IF(A16="","",SUMIFS(Detalle_Pagos!$I$5:$I$2004,Detalle_Pagos!$A$5:$A$2004,A16,Detalle_Pagos!$J$5:$J$2004,"No")) | N16: =IF(A16="","",IF(J16=0,"Sin detalle",IF(M16=0,"Pagada","Pendiente")))
G17: =IF(A17="","",IFERROR(INDEX(Criterios!$B$4:$C$83,MATCH(D17,Criterios!$A$4:$A$83,0),IF(E17="Dentro horario",1,2)),"")) | I17: =IF(A17="","",IF(OR(F17="",G17=""),"",F17*G17+N(H17))) | J17: =IF(A17="","",COUNTIF(Detalle_Pagos!$A$5:$A$2004,A17)) | K17: =IF(A17="","",IF(OR(J17=0,I17=""),"",I17/J17)) | L17: =IF(A17="","",SUMIF(Detalle_Pagos!$A$5:$A$2004,A17,Detalle_Pagos!$I$5:$I$2004)) | M17: =IF(A17="","",SUMIFS(Detalle_Pagos!$I$5:$I$2004,Detalle_Pagos!$A$5:$A$2004,A17,Detalle_Pagos!$J$5:$J$2004,"No")) | N17: =IF(A17="","",IF(J17=0,"Sin detalle",IF(M17=0,"Pagada","Pendiente")))
G18: =IF(A18="","",IFERROR(INDEX(Criterios!$B$4:$C$83,MATCH(D18,Criterios!$A$4:$A$83,0),IF(E18="Dentro horario",1,2)),"")) | I18: =IF(A18="","",IF(OR(F18="",G18=""),"",F18*G18+N(H18))) | J18: =IF(A18="","",COUNTIF(Detalle_Pagos!$A$5:$A$2004,A18)) | K18: =IF(A18="","",IF(OR(J18=0,I18=""),"",I18/J18)) | L18: =IF(A18="","",SUMIF(Detalle_Pagos!$A$5:$A$2004,A18,Detalle_Pagos!$I$5:$I$2004)) | M18: =IF(A18="","",SUMIFS(Detalle_Pagos!$I$5:$I$2004,Detalle_Pagos!$A$5:$A$2004,A18,Detalle_Pagos!$J$5:$J$2004,"No")) | N18: =IF(A18="","",IF(J18=0,"Sin detalle",IF(M18=0,"Pagada","Pendiente")))
... G504: =IF(A504="","",IFERROR(INDEX(Criterios!$B$4:$C$83,MATCH(D504,Criterios!$A$4:$A$83,0),IF(E504="Dentro horario",1,2)),"")) | I504: =IF(A504="","",IF(OR(F504="",G504=""),"",F504*G504+N(H504))) | J504: =IF(A504="","",COUNTIF(Detalle_Pagos!$A$5:$A$2004,A504)) | K504: =IF(A504="","",IF(OR(J504=0,I504=""),"",I504/J504)) | L504: =IF(A504="","",SUMIF(Detalle_Pagos!$A$5:$A$2004,A504,Detalle_Pagos!$I$5:$I$2004)) | M504: =IF(A504="","",SUMIFS(Detalle_Pagos!$I$5:$I$2004,Detalle_Pagos!$A$5:$A$2004,A504,Detalle_Pagos!$J$5:$J$2004,"No")) | N504: =IF(A504="","",IF(J504=0,"Sin detalle",IF(M504=0,"Pagada","Pendiente")))

Sheet Detalle_Pagos
A1: DETALLE DE PAGOS POR TRABAJADOR
A4: No. maniobra | B4: Fecha | C4: Mes | D4: Producto | E4: Trabajador | F4: Importe sugerido | G4: Importe manual | H4: Extra manual | I4: Total a pagar | J4: Pagado? | K4: Fecha cobro | L4: Notas/Firma
A5: 41 | B5: =IF(A5="","",IFERROR(INDEX(Maniobras!$B$5:$B$504,MATCH(A5,Maniobras!$A$5:$A$504,0)),"")) -> 46147 | C5: =IF(B5="","",TEXT(B5,"yyyy-mm")) -> yyyy-05 | D5: =IF(A5="","",IFERROR(INDEX(Maniobras!$D$5:$D$504,MATCH(A5,Maniobras!$A$5:$A$504,0)),"")) -> SORGO | E5: Carlos Salas | F5: =IF(A5="","",IFERROR(INDEX(Maniobras!$K$5:$K$504,MATCH(A5,Maniobras!$A$5:$A$504,0)),"")) -> 152.85714 | G5: 150 | H5: 0 | I5: =IF(G5="","",G5+N(H5)) -> 150 | J5: No | M5: =IF($A5=Ficha!$B$3,COUNTIF($A$5:$A5,Ficha!$B$3),"") -> 1
A6: 41 | B6: =IF(A6="","",IFERROR(INDEX(Maniobras!$B$5:$B$504,MATCH(A6,Maniobras!$A$5:$A$504,0)),"")) -> 46147 | C6: =IF(B6="","",TEXT(B6,"yyyy-mm")) -> yyyy-05 | D6: =IF(A6="","",IFERROR(INDEX(Maniobras!$D$5:$D$504,MATCH(A6,Maniobras!$A$5:$A$504,0)),"")) -> SORGO | E6: Juan | F6: =IF(A6="","",IFERROR(INDEX(Maniobras!$K$5:$K$504,MATCH(A6,Maniobras!$A$5:$A$504,0)),"")) -> 152.85714 | G6: 150 | H6: 0 | I6: =IF(G6="","",G6+N(H6)) -> 150 | J6: No | M6: =IF($A6=Ficha!$B$3,COUNTIF($A$5:$A6,Ficha!$B$3),"") -> 2
A7: 41 | B7: =IF(A7="","",IFERROR(INDEX(Maniobras!$B$5:$B$504,MATCH(A7,Maniobras!$A$5:$A$504,0)),"")) -> 46147 | C7: =IF(B7="","",TEXT(B7,"yyyy-mm")) -> yyyy-05 | D7: =IF(A7="","",IFERROR(INDEX(Maniobras!$D$5:$D$504,MATCH(A7,Maniobras!$A$5:$A$504,0)),"")) -> SORGO | E7: Uriel | F7: =IF(A7="","",IFERROR(INDEX(Maniobras!$K$5:$K$504,MATCH(A7,Maniobras!$A$5:$A$504,0)),"")) -> 152.85714 | G7: 150 | H7: 0 | I7: =IF(G7="","",G7+N(H7)) -> 150 | J7: No | M7: =IF($A7=Ficha!$B$3,COUNTIF($A$5:$A7,Ficha!$B$3),"") -> 3
A8: 41 | B8: =IF(A8="","",IFERROR(INDEX(Maniobras!$B$5:$B$504,MATCH(A8,Maniobras!$A$5:$A$504,0)),"")) -> 46147 | C8: =IF(B8="","",TEXT(B8,"yyyy-mm")) -> yyyy-05 | D8: =IF(A8="","",IFERROR(INDEX(Maniobras!$D$5:$D$504,MATCH(A8,Maniobras!$A$5:$A$504,0)),"")) -> SORGO | E8: Eliseo | F8: =IF(A8="","",IFERROR(INDEX(Maniobras!$K$5:$K$504,MATCH(A8,Maniobras!$A$5:$A$504,0)),"")) -> 152.85714 | G8: 150 | H8: 0 | I8: =IF(G8="","",G8+N(H8)) -> 150 | J8: No | M8: =IF($A8=Ficha!$B$3,COUNTIF($A$5:$A8,Ficha!$B$3),"") -> 4
A9: 41 | B9: =IF(A9="","",IFERROR(INDEX(Maniobras!$B$5:$B$504,MATCH(A9,Maniobras!$A$5:$A$504,0)),"")) -> 46147 | C9: =IF(B9="","",TEXT(B9,"yyyy-mm")) -> yyyy-05 | D9: =IF(A9="","",IFERROR(INDEX(Maniobras!$D$5:$D$504,MATCH(A9,Maniobras!$A$5:$A$504,0)),"")) -> SORGO | E9: Marcos | F9: =IF(A9="","",IFERROR(INDEX(Maniobras!$K$5:$K$504,MATCH(A9,Maniobras!$A$5:$A$504,0)),"")) -> 152.85714 | G9: 150 | H9: 0 | I9: =IF(G9="","",G9+N(H9)) -> 150 | J9: No | M9: =IF($A9=Ficha!$B$3,COUNTIF($A$5:$A9,Ficha!$B$3),"") -> 5
A10: 41 | B10: =IF(A10="","",IFERROR(INDEX(Maniobras!$B$5:$B$504,MATCH(A10,Maniobras!$A$5:$A$504,0)),"")) -> 46147 | C10: =IF(B10="","",TEXT(B10,"yyyy-mm")) -> yyyy-05 | D10: =IF(A10="","",IFERROR(INDEX(Maniobras!$D$5:$D$504,MATCH(A10,Maniobras!$A$5:$A$504,0)),"")) -> SORGO | E10: Fabián | F10: =IF(A10="","",IFERROR(INDEX(Maniobras!$K$5:$K$504,MATCH(A10,Maniobras!$A$5:$A$504,0)),"")) -> 152.85714 | G10: 150 | H10: 0 | I10: =IF(G10="","",G10+N(H10)) -> 150 | J10: No | M10: =IF($A10=Ficha!$B$3,COUNTIF($A$5:$A10,Ficha!$B$3),"") -> 6
A11: 41 | B11: =IF(A11="","",IFERROR(INDEX(Maniobras!$B$5:$B$504,MATCH(A11,Maniobras!$A$5:$A$504,0)),"")) -> 46147 | C11: =IF(B11="","",TEXT(B11,"yyyy-mm")) -> yyyy-05 | D11: =IF(A11="","",IFERROR(INDEX(Maniobras!$D$5:$D$504,MATCH(A11,Maniobras!$A$5:$A$504,0)),"")) -> SORGO | E11: Ramses | F11: =IF(A11="","",IFERROR(INDEX(Maniobras!$K$5:$K$504,MATCH(A11,Maniobras!$A$5:$A$504,0)),"")) -> 152.85714 | G11: 150 | H11: 0 | I11: =IF(G11="","",G11+N(H11)) -> 150 | J11: No | M11: =IF($A11=Ficha!$B$3,COUNTIF($A$5:$A11,Ficha!$B$3),"") -> 7
A12: 42 | B12: =IF(A12="","",IFERROR(INDEX(Maniobras!$B$5:$B$504,MATCH(A12,Maniobras!$A$5:$A$504,0)),"")) -> 46148 | C12: =IF(B12="","",TEXT(B12,"yyyy-mm")) -> yyyy-05 | D12: =IF(A12="","",IFERROR(INDEX(Maniobras!$D$5:$D$504,MATCH(A12,Maniobras!$A$5:$A$504,0)),"")) -> MAIZ | E12: Emanuel | F12: =IF(A12="","",IFERROR(INDEX(Maniobras!$K$5:$K$504,MATCH(A12,Maniobras!$A$5:$A$504,0)),"")) -> 302.85714 | G12: 300 | H12: 0 | I12: =IF(G12="","",G12+N(H12)) -> 300 | J12: No | M12: =IF($A12=Ficha!$B$3,COUNTIF($A$5:$A12,Ficha!$B$3),"")
A13: 42 | B13: =IF(A13="","",IFERROR(INDEX(Maniobras!$B$5:$B$504,MATCH(A13,Maniobras!$A$5:$A$504,0)),"")) -> 46148 | C13: =IF(B13="","",TEXT(B13,"yyyy-mm")) -> yyyy-05 | D13: =IF(A13="","",IFERROR(INDEX(Maniobras!$D$5:$D$504,MATCH(A13,Maniobras!$A$5:$A$504,0)),"")) -> MAIZ | E13: Uriel | F13: =IF(A13="","",IFERROR(INDEX(Maniobras!$K$5:$K$504,MATCH(A13,Maniobras!$A$5:$A$504,0)),"")) -> 302.85714 | G13: 300 | H13: 0 | I13: =IF(G13="","",G13+N(H13)) -> 300 | J13: No | M13: =IF($A13=Ficha!$B$3,COUNTIF($A$5:$A13,Ficha!$B$3),"")
A14: 42 | B14: =IF(A14="","",IFERROR(INDEX(Maniobras!$B$5:$B$504,MATCH(A14,Maniobras!$A$5:$A$504,0)),"")) -> 46148 | C14: =IF(B14="","",TEXT(B14,"yyyy-mm")) -> yyyy-05 | D14: =IF(A14="","",IFERROR(INDEX(Maniobras!$D$5:$D$504,MATCH(A14,Maniobras!$A$5:$A$504,0)),"")) -> MAIZ | E14: Ahmed | F14: =IF(A14="","",IFERROR(INDEX(Maniobras!$K$5:$K$504,MATCH(A14,Maniobras!$A$5:$A$504,0)),"")) -> 302.85714 | G14: 300 | H14: 0 | I14: =IF(G14="","",G14+N(H14)) -> 300 | J14: No | M14: =IF($A14=Ficha!$B$3,COUNTIF($A$5:$A14,Ficha!$B$3),"")
A15: 42 | B15: =IF(A15="","",IFERROR(INDEX(Maniobras!$B$5:$B$504,MATCH(A15,Maniobras!$A$5:$A$504,0)),"")) -> 46148 | C15: =IF(B15="","",TEXT(B15,"yyyy-mm")) -> yyyy-05 | D15: =IF(A15="","",IFERROR(INDEX(Maniobras!$D$5:$D$504,MATCH(A15,Maniobras!$A$5:$A$504,0)),"")) -> MAIZ | E15: Juan | F15: =IF(A15="","",IFERROR(INDEX(Maniobras!$K$5:$K$504,MATCH(A15,Maniobras!$A$5:$A$504,0)),"")) -> 302.85714 | G15: 300 | H15: 0 | I15: =IF(G15="","",G15+N(H15)) -> 300 | J15: No | M15: =IF($A15=Ficha!$B$3,COUNTIF($A$5:$A15,Ficha!$B$3),"")
A16: 42 | B16: =IF(A16="","",IFERROR(INDEX(Maniobras!$B$5:$B$504,MATCH(A16,Maniobras!$A$5:$A$504,0)),"")) -> 46148 | C16: =IF(B16="","",TEXT(B16,"yyyy-mm")) -> yyyy-05 | D16: =IF(A16="","",IFERROR(INDEX(Maniobras!$D$5:$D$504,MATCH(A16,Maniobras!$A$5:$A$504,0)),"")) -> MAIZ | E16: Eliseo | F16: =IF(A16="","",IFERROR(INDEX(Maniobras!$K$5:$K$504,MATCH(A16,Maniobras!$A$5:$A$504,0)),"")) -> 302.85714 | G16: 300 | H16: 0 | I16: =IF(G16="","",G16+N(H16)) -> 300 | J16: No | M16: =IF($A16=Ficha!$B$3,COUNTIF($A$5:$A16,Ficha!$B$3),"")
... A18: 42 | B18: =IF(A18="","",IFERROR(INDEX(Maniobras!$B$5:$B$504,MATCH(A18,Maniobras!$A$5:$A$504,0)),"")) -> 46148 | C18: =IF(B18="","",TEXT(B18,"yyyy-mm")) -> yyyy-05 | D18: =IF(A18="","",IFERROR(INDEX(Maniobras!$D$5:$D$504,MATCH(A18,Maniobras!$A$5:$A$504,0)),"")) -> MAIZ | E18: Juan Carlos | F18: =IF(A18="","",IFERROR(INDEX(Maniobras!$K$5:$K$504,MATCH(A18,Maniobras!$A$5:$A$504,0)),"")) -> 302.85714 | G18: 300 | H18: 0 | I18: =IF(G18="","",G18+N(H18)) -> 300 | J18: No | M18: =IF($A18=Ficha!$B$3,COUNTIF($A$5:$A18,Ficha!$B$3),"")
B19: =IF(A19="","",IFERROR(INDEX(Maniobras!$B$5:$B$504,MATCH(A19,Maniobras!$A$5:$A$504,0)),"")) | C19: =IF(B19="","",TEXT(B19,"yyyy-mm")) | D19: =IF(A19="","",IFERROR(INDEX(Maniobras!$D$5:$D$504,MATCH(A19,Maniobras!$A$5:$A$504,0)),"")) | F19: =IF(A19="","",IFERROR(INDEX(Maniobras!$K$5:$K$504,MATCH(A19,Maniobras!$A$5:$A$504,0)),"")) | I19: =IF(G19="","",G19+N(H19)) | M19: =IF($A19=Ficha!$B$3,COUNTIF($A$5:$A19,Ficha!$B$3),"")
B20: =IF(A20="","",IFERROR(INDEX(Maniobras!$B$5:$B$504,MATCH(A20,Maniobras!$A$5:$A$504,0)),"")) | C20: =IF(B20="","",TEXT(B20,"yyyy-mm")) | D20: =IF(A20="","",IFERROR(INDEX(Maniobras!$D$5:$D$504,MATCH(A20,Maniobras!$A$5:$A$504,0)),"")) | F20: =IF(A20="","",IFERROR(INDEX(Maniobras!$K$5:$K$504,MATCH(A20,Maniobras!$A$5:$A$504,0)),"")) | I20: =IF(G20="","",G20+N(H20)) | M20: =IF($A20=Ficha!$B$3,COUNTIF($A$5:$A20,Ficha!$B$3),"")
B21: =IF(A21="","",IFERROR(INDEX(Maniobras!$B$5:$B$504,MATCH(A21,Maniobras!$A$5:$A$504,0)),"")) | C21: =IF(B21="","",TEXT(B21,"yyyy-mm")) | D21: =IF(A21="","",IFERROR(INDEX(Maniobras!$D$5:$D$504,MATCH(A21,Maniobras!$A$5:$A$504,0)),"")) | F21: =IF(A21="","",IFERROR(INDEX(Maniobras!$K$5:$K$504,MATCH(A21,Maniobras!$A$5:$A$504,0)),"")) | I21: =IF(G21="","",G21+N(H21)) | M21: =IF($A21=Ficha!$B$3,COUNTIF($A$5:$A21,Ficha!$B$3),"")
B22: =IF(A22="","",IFERROR(INDEX(Maniobras!$B$5:$B$504,MATCH(A22,Maniobras!$A$5:$A$504,0)),"")) | C22: =IF(B22="","",TEXT(B22,"yyyy-mm")) | D22: =IF(A22="","",IFERROR(INDEX(Maniobras!$D$5:$D$504,MATCH(A22,Maniobras!$A$5:$A$504,0)),"")) | F22: =IF(A22="","",IFERROR(INDEX(Maniobras!$K$5:$K$504,MATCH(A22,Maniobras!$A$5:$A$504,0)),"")) | I22: =IF(G22="","",G22+N(H22)) | M22: =IF($A22=Ficha!$B$3,COUNTIF($A$5:$A22,Ficha!$B$3),"")
B23: =IF(A23="","",IFERROR(INDEX(Maniobras!$B$5:$B$504,MATCH(A23,Maniobras!$A$5:$A$504,0)),"")) | C23: =IF(B23="","",TEXT(B23,"yyyy-mm")) | D23: =IF(A23="","",IFERROR(INDEX(Maniobras!$D$5:$D$504,MATCH(A23,Maniobras!$A$5:$A$504,0)),"")) | F23: =IF(A23="","",IFERROR(INDEX(Maniobras!$K$5:$K$504,MATCH(A23,Maniobras!$A$5:$A$504,0)),"")) | I23: =IF(G23="","",G23+N(H23)) | M23: =IF($A23=Ficha!$B$3,COUNTIF($A$5:$A23,Ficha!$B$3),"")
B24: =IF(A24="","",IFERROR(INDEX(Maniobras!$B$5:$B$504,MATCH(A24,Maniobras!$A$5:$A$504,0)),"")) | C24: =IF(B24="","",TEXT(B24,"yyyy-mm")) | D24: =IF(A24="","",IFERROR(INDEX(Maniobras!$D$5:$D$504,MATCH(A24,Maniobras!$A$5:$A$504,0)),"")) | F24: =IF(A24="","",IFERROR(INDEX(Maniobras!$K$5:$K$504,MATCH(A24,Maniobras!$A$5:$A$504,0)),"")) | I24: =IF(G24="","",G24+N(H24)) | M24: =IF($A24=Ficha!$B$3,COUNTIF($A$5:$A24,Ficha!$B$3),"")
B25: =IF(A25="","",IFERROR(INDEX(Maniobras!$B$5:$B$504,MATCH(A25,Maniobras!$A$5:$A$504,0)),"")) | C25: =IF(B25="","",TEXT(B25,"yyyy-mm")) | D25: =IF(A25="","",IFERROR(INDEX(Maniobras!$D$5:$D$504,MATCH(A25,Maniobras!$A$5:$A$504,0)),"")) | F25: =IF(A25="","",IFERROR(INDEX(Maniobras!$K$5:$K$504,MATCH(A25,Maniobras!$A$5:$A$504,0)),"")) | I25: =IF(G25="","",G25+N(H25)) | M25: =IF($A25=Ficha!$B$3,COUNTIF($A$5:$A25,Ficha!$B$3),"")
B26: =IF(A26="","",IFERROR(INDEX(Maniobras!$B$5:$B$504,MATCH(A26,Maniobras!$A$5:$A$504,0)),"")) | C26: =IF(B26="","",TEXT(B26,"yyyy-mm")) | D26: =IF(A26="","",IFERROR(INDEX(Maniobras!$D$5:$D$504,MATCH(A26,Maniobras!$A$5:$A$504,0)),"")) | F26: =IF(A26="","",IFERROR(INDEX(Maniobras!$K$5:$K$504,MATCH(A26,Maniobras!$A$5:$A$504,0)),"")) | I26: =IF(G26="","",G26+N(H26)) | M26: =IF($A26=Ficha!$B$3,COUNTIF($A$5:$A26,Ficha!$B$3),"")
B27: =IF(A27="","",IFERROR(INDEX(Maniobras!$B$5:$B$504,MATCH(A27,Maniobras!$A$5:$A$504,0)),"")) | C27: =IF(B27="","",TEXT(B27,"yyyy-mm")) | D27: =IF(A27="","",IFERROR(INDEX(Maniobras!$D$5:$D$504,MATCH(A27,Maniobras!$A$5:$A$504,0)),"")) | F27: =IF(A27="","",IFERROR(INDEX(Maniobras!$K$5:$K$504,MATCH(A27,Maniobras!$A$5:$A$504,0)),"")) | I27: =IF(G27="","",G27+N(H27)) | M27: =IF($A27=Ficha!$B$3,COUNTIF($A$5:$A27,Ficha!$B$3),"")
B28: =IF(A28="","",IFERROR(INDEX(Maniobras!$B$5:$B$504,MATCH(A28,Maniobras!$A$5:$A$504,0)),"")) | C28: =IF(B28="","",TEXT(B28,"yyyy-mm")) | D28: =IF(A28="","",IFERROR(INDEX(Maniobras!$D$5:$D$504,MATCH(A28,Maniobras!$A$5:$A$504,0)),"")) | F28: =IF(A28="","",IFERROR(INDEX(Maniobras!$K$5:$K$504,MATCH(A28,Maniobras!$A$5:$A$504,0)),"")) | I28: =IF(G28="","",G28+N(H28)) | M28: =IF($A28=Ficha!$B$3,COUNTIF($A$5:$A28,Ficha!$B$3),"")
B29: =IF(A29="","",IFERROR(INDEX(Maniobras!$B$5:$B$504,MATCH(A29,Maniobras!$A$5:$A$504,0)),"")) | C29: =IF(B29="","",TEXT(B29,"yyyy-mm")) | D29: =IF(A29="","",IFERROR(INDEX(Maniobras!$D$5:$D$504,MATCH(A29,Maniobras!$A$5:$A$504,0)),"")) | F29: =IF(A29="","",IFERROR(INDEX(Maniobras!$K$5:$K$504,MATCH(A29,Maniobras!$A$5:$A$504,0)),"")) | I29: =IF(G29="","",G29+N(H29)) | M29: =IF($A29=Ficha!$B$3,COUNTIF($A$5:$A29,Ficha!$B$3),"")
B30: =IF(A30="","",IFERROR(INDEX(Maniobras!$B$5:$B$504,MATCH(A30,Maniobras!$A$5:$A$504,0)),"")) | C30: =IF(B30="","",TEXT(B30,"yyyy-mm")) | D30: =IF(A30="","",IFERROR(INDEX(Maniobras!$D$5:$D$504,MATCH(A30,Maniobras!$A$5:$A$504,0)),"")) | F30: =IF(A30="","",IFERROR(INDEX(Maniobras!$K$5:$K$504,MATCH(A30,Maniobras!$A$5:$A$504,0)),"")) | I30: =IF(G30="","",G30+N(H30)) | M30: =IF($A30=Ficha!$B$3,COUNTIF($A$5:$A30,Ficha!$B$3),"")
... B2004: =IF(A2004="","",IFERROR(INDEX(Maniobras!$B$5:$B$504,MATCH(A2004,Maniobras!$A$5:$A$504,0)),"")) | C2004: =IF(B2004="","",TEXT(B2004,"yyyy-mm")) | D2004: =IF(A2004="","",IFERROR(INDEX(Maniobras!$D$5:$D$504,MATCH(A2004,Maniobras!$A$5:$A$504,0)),"")) | F2004: =IF(A2004="","",IFERROR(INDEX(Maniobras!$K$5:$K$504,MATCH(A2004,Maniobras!$A$5:$A$504,0)),"")) | I2004: =IF(G2004="","",G2004+N(H2004)) | M2004: =IF($A2004=Ficha!$B$3,COUNTIF($A$5:$A2004,Ficha!$B$3),"")

Sheet Pendientes
A1: PENDIENTES POR TRABAJADOR
A3: Lee Detalle_Pagos y suma automaticamente los pagos marcados como No.
A7: Trabajador | B7: Maniobras pendientes | C7: Total pendiente | D7: Extra referencia | E7: Pendiente + extra ref. | F7: Ultima fecha pendiente | G7: Pagado acumulado | H7: Maniobras pagadas
A8: =IF(Trabajadores!B5="","",Trabajadores!B5) -> Carlos Salas | B8: =IF(A8="","",COUNTIFS(Detalle_Pagos!$E$5:$E$2004,A8,Detalle_Pagos!$J$5:$J$2004,"No")) -> 1 | C8: =IF(A8="","",SUMIFS(Detalle_Pagos!$I$5:$I$2004,Detalle_Pagos!$E$5:$E$2004,A8,Detalle_Pagos!$J$5:$J$2004,"No")) -> 150 | D8: =IF(A8="","",B8*IFERROR(INDEX(Trabajadores!$D$5:$D$204,MATCH(A8,Trabajadores!$B$5:$B$204,0)),0)) -> 100 | E8: =IF(A8="","",C8+D8) -> 250 | F8: =IF(A8="","",IF(B8=0,"",LOOKUP(2,1/((Detalle_Pagos!$E$5:$E$2004=A8)*(Detalle_Pagos!$J$5:$J$2004="No")),Detalle_Pagos!$B$5:$B$2004))) -> 46147 | G8: =IF(A8="","",SUMIFS(Detalle_Pagos!$I$5:$I$2004,Detalle_Pagos!$E$5:$E$2004,A8,Detalle_Pagos!$J$5:$J$2004,"Si")) -> 0 | H8: =IF(A8="","",COUNTIFS(Detalle_Pagos!$E$5:$E$2004,A8,Detalle_Pagos!$J$5:$J$2004,"Si")) -> 0
A9: =IF(Trabajadores!B6="","",Trabajadores!B6) -> Juan | B9: =IF(A9="","",COUNTIFS(Detalle_Pagos!$E$5:$E$2004,A9,Detalle_Pagos!$J$5:$J$2004,"No")) -> 2 | C9: =IF(A9="","",SUMIFS(Detalle_Pagos!$I$5:$I$2004,Detalle_Pagos!$E$5:$E$2004,A9,Detalle_Pagos!$J$5:$J$2004,"No")) -> 450 | D9: =IF(A9="","",B9*IFERROR(INDEX(Trabajadores!$D$5:$D$204,MATCH(A9,Trabajadores!$B$5:$B$204,0)),0)) -> 0 | E9: =IF(A9="","",C9+D9) -> 450 | F9: =IF(A9="","",IF(B9=0,"",LOOKUP(2,1/((Detalle_Pagos!$E$5:$E$2004=A9)*(Detalle_Pagos!$J$5:$J$2004="No")),Detalle_Pagos!$B$5:$B$2004))) -> 46148 | G9: =IF(A9="","",SUMIFS(Detalle_Pagos!$I$5:$I$2004,Detalle_Pagos!$E$5:$E$2004,A9,Detalle_Pagos!$J$5:$J$2004,"Si")) -> 0 | H9: =IF(A9="","",COUNTIFS(Detalle_Pagos!$E$5:$E$2004,A9,Detalle_Pagos!$J$5:$J$2004,"Si")) -> 0
A10: =IF(Trabajadores!B7="","",Trabajadores!B7) -> Uriel | B10: =IF(A10="","",COUNTIFS(Detalle_Pagos!$E$5:$E$2004,A10,Detalle_Pagos!$J$5:$J$2004,"No")) -> 2 | C10: =IF(A10="","",SUMIFS(Detalle_Pagos!$I$5:$I$2004,Detalle_Pagos!$E$5:$E$2004,A10,Detalle_Pagos!$J$5:$J$2004,"No")) -> 450 | D10: =IF(A10="","",B10*IFERROR(INDEX(Trabajadores!$D$5:$D$204,MATCH(A10,Trabajadores!$B$5:$B$204,0)),0)) -> 0 | E10: =IF(A10="","",C10+D10) -> 450 | F10: =IF(A10="","",IF(B10=0,"",LOOKUP(2,1/((Detalle_Pagos!$E$5:$E$2004=A10)*(Detalle_Pagos!$J$5:$J$2004="No")),Detalle_Pagos!$B$5:$B$2004))) -> 46148 | G10: =IF(A10="","",SUMIFS(Detalle_Pagos!$I$5:$I$2004,Detalle_Pagos!$E$5:$E$2004,A10,Detalle_Pagos!$J$5:$J$2004,"Si")) -> 0 | H10: =IF(A10="","",COUNTIFS(Detalle_Pagos!$E$5:$E$2004,A10,Detalle_Pagos!$J$5:$J$2004,"Si")) -> 0
A11: =IF(Trabajadores!B8="","",Trabajadores!B8) -> Eliseo | B11: =IF(A11="","",COUNTIFS(Detalle_Pagos!$E$5:$E$2004,A11,Detalle_Pagos!$J$5:$J$2004,"No")) -> 2 | C11: =IF(A11="","",SUMIFS(Detalle_Pagos!$I$5:$I$2004,Detalle_Pagos!$E$5:$E$2004,A11,Detalle_Pagos!$J$5:$J$2004,"No")) -> 450 | D11: =IF(A11="","",B11*IFERROR(INDEX(Trabajadores!$D$5:$D$204,MATCH(A11,Trabajadores!$B$5:$B$204,0)),0)) -> 0 | E11: =IF(A11="","",C11+D11) -> 450 | F11: =IF(A11="","",IF(B11=0,"",LOOKUP(2,1/((Detalle_Pagos!$E$5:$E$2004=A11)*(Detalle_Pagos!$J$5:$J$2004="No")),Detalle_Pagos!$B$5:$B$2004))) -> 46148 | G11: =IF(A11="","",SUMIFS(Detalle_Pagos!$I$5:$I$2004,Detalle_Pagos!$E$5:$E$2004,A11,Detalle_Pagos!$J$5:$J$2004,"Si")) -> 0 | H11: =IF(A11="","",COUNTIFS(Detalle_Pagos!$E$5:$E$2004,A11,Detalle_Pagos!$J$5:$J$2004,"Si")) -> 0
A12: =IF(Trabajadores!B9="","",Trabajadores!B9) -> Marcos | B12: =IF(A12="","",COUNTIFS(Detalle_Pagos!$E$5:$E$2004,A12,Detalle_Pagos!$J$5:$J$2004,"No")) -> 1 | C12: =IF(A12="","",SUMIFS(Detalle_Pagos!$I$5:$I$2004,Detalle_Pagos!$E$5:$E$2004,A12,Detalle_Pagos!$J$5:$J$2004,"No")) -> 150 | D12: =IF(A12="","",B12*IFERROR(INDEX(Trabajadores!$D$5:$D$204,MATCH(A12,Trabajadores!$B$5:$B$204,0)),0)) -> 0 | E12: =IF(A12="","",C12+D12) -> 150 | F12: =IF(A12="","",IF(B12=0,"",LOOKUP(2,1/((Detalle_Pagos!$E$5:$E$2004=A12)*(Detalle_Pagos!$J$5:$J$2004="No")),Detalle_Pagos!$B$5:$B$2004))) -> 46147 | G12: =IF(A12="","",SUMIFS(Detalle_Pagos!$I$5:$I$2004,Detalle_Pagos!$E$5:$E$2004,A12,Detalle_Pagos!$J$5:$J$2004,"Si")) -> 0 | H12: =IF(A12="","",COUNTIFS(Detalle_Pagos!$E$5:$E$2004,A12,Detalle_Pagos!$J$5:$J$2004,"Si")) -> 0
A13: =IF(Trabajadores!B10="","",Trabajadores!B10) -> Fabián | B13: =IF(A13="","",COUNTIFS(Detalle_Pagos!$E$5:$E$2004,A13,Detalle_Pagos!$J$5:$J$2004,"No")) -> 1 | C13: =IF(A13="","",SUMIFS(Detalle_Pagos!$I$5:$I$2004,Detalle_Pagos!$E$5:$E$2004,A13,Detalle_Pagos!$J$5:$J$2004,"No")) -> 150 | D13: =IF(A13="","",B13*IFERROR(INDEX(Trabajadores!$D$5:$D$204,MATCH(A13,Trabajadores!$B$5:$B$204,0)),0)) -> 0 | E13: =IF(A13="","",C13+D13) -> 150 | F13: =IF(A13="","",IF(B13=0,"",LOOKUP(2,1/((Detalle_Pagos!$E$5:$E$2004=A13)*(Detalle_Pagos!$J$5:$J$2004="No")),Detalle_Pagos!$B$5:$B$2004))) -> 46147 | G13: =IF(A13="","",SUMIFS(Detalle_Pagos!$I$5:$I$2004,Detalle_Pagos!$E$5:$E$2004,A13,Detalle_Pagos!$J$5:$J$2004,"Si")) -> 0 | H13: =IF(A13="","",COUNTIFS(Detalle_Pagos!$E$5:$E$2004,A13,Detalle_Pagos!$J$5:$J$2004,"Si")) -> 0
A14: =IF(Trabajadores!B11="","",Trabajadores!B11) -> Ramses | B14: =IF(A14="","",COUNTIFS(Detalle_Pagos!$E$5:$E$2004,A14,Detalle_Pagos!$J$5:$J$2004,"No")) -> 2 | C14: =IF(A14="","",SUMIFS(Detalle_Pagos!$I$5:$I$2004,Detalle_Pagos!$E$5:$E$2004,A14,Detalle_Pagos!$J$5:$J$2004,"No")) -> 450 | D14: =IF(A14="","",B14*IFERROR(INDEX(Trabajadores!$D$5:$D$204,MATCH(A14,Trabajadores!$B$5:$B$204,0)),0)) -> 0 | E14: =IF(A14="","",C14+D14) -> 450 | F14: =IF(A14="","",IF(B14=0,"",LOOKUP(2,1/((Detalle_Pagos!$E$5:$E$2004=A14)*(Detalle_Pagos!$J$5:$J$2004="No")),Detalle_Pagos!$B$5:$B$2004))) -> 46148 | G14: =IF(A14="","",SUMIFS(Detalle_Pagos!$I$5:$I$2004,Detalle_Pagos!$E$5:$E$2004,A14,Detalle_Pagos!$J$5:$J$2004,"Si")) -> 0 | H14: =IF(A14="","",COUNTIFS(Detalle_Pagos!$E$5:$E$2004,A14,Detalle_Pagos!$J$5:$J$2004,"Si")) -> 0
A15: =IF(Trabajadores!B12="","",Trabajadores!B12) -> Emanuel | B15: =IF(A15="","",COUNTIFS(Detalle_Pagos!$E$5:$E$2004,A15,Detalle_Pagos!$J$5:$J$2004,"No")) -> 1 | C15: =IF(A15="","",SUMIFS(Detalle_Pagos!$I$5:$I$2004,Detalle_Pagos!$E$5:$E$2004,A15,Detalle_Pagos!$J$5:$J$2004,"No")) -> 300 | D15: =IF(A15="","",B15*IFERROR(INDEX(Trabajadores!$D$5:$D$204,MATCH(A15,Trabajadores!$B$5:$B$204,0)),0)) -> 0 | E15: =IF(A15="","",C15+D15) -> 300 | F15: =IF(A15="","",IF(B15=0,"",LOOKUP(2,1/((Detalle_Pagos!$E$5:$E$2004=A15)*(Detalle_Pagos!$J$5:$J$2004="No")),Detalle_Pagos!$B$5:$B$2004))) -> 46148 | G15: =IF(A15="","",SUMIFS(Detalle_Pagos!$I$5:$I$2004,Detalle_Pagos!$E$5:$E$2004,A15,Detalle_Pagos!$J$5:$J$2004,"Si")) -> 0 | H15: =IF(A15="","",COUNTIFS(Detalle_Pagos!$E$5:$E$2004,A15,Detalle_Pagos!$J$5:$J$2004,"Si")) -> 0
A16: =IF(Trabajadores!B13="","",Trabajadores!B13) -> Ahmed | B16: =IF(A16="","",COUNTIFS(Detalle_Pagos!$E$5:$E$2004,A16,Detalle_Pagos!$J$5:$J$2004,"No")) -> 1 | C16: =IF(A16="","",SUMIFS(Detalle_Pagos!$I$5:$I$2004,Detalle_Pagos!$E$5:$E$2004,A16,Detalle_Pagos!$J$5:$J$2004,"No")) -> 300 | D16: =IF(A16="","",B16*IFERROR(INDEX(Trabajadores!$D$5:$D$204,MATCH(A16,Trabajadores!$B$5:$B$204,0)),0)) -> 0 | E16: =IF(A16="","",C16+D16) -> 300 | F16: =IF(A16="","",IF(B16=0,"",LOOKUP(2,1/((Detalle_Pagos!$E$5:$E$2004=A16)*(Detalle_Pagos!$J$5:$J$2004="No")),Detalle_Pagos!$B$5:$B$2004))) -> 46148 | G16: =IF(A16="","",SUMIFS(Detalle_Pagos!$I$5:$I$2004,Detalle_Pagos!$E$5:$E$2004,A16,Detalle_Pagos!$J$5:$J$2004,"Si")) -> 0 | H16: =IF(A16="","",COUNTIFS(Detalle_Pagos!$E$5:$E$2004,A16,Detalle_Pagos!$J$5:$J$2004,"Si")) -> 0
A17: =IF(Trabajadores!B14="","",Trabajadores!B14) -> Juan Carlos | B17: =IF(A17="","",COUNTIFS(Detalle_Pagos!$E$5:$E$2004,A17,Detalle_Pagos!$J$5:$J$2004,"No")) -> 1 | C17: =IF(A17="","",SUMIFS(Detalle_Pagos!$I$5:$I$2004,Detalle_Pagos!$E$5:$E$2004,A17,Detalle_Pagos!$J$5:$J$2004,"No")) -> 300 | D17: =IF(A17="","",B17*IFERROR(INDEX(Trabajadores!$D$5:$D$204,MATCH(A17,Trabajadores!$B$5:$B$204,0)),0)) -> 0 | E17: =IF(A17="","",C17+D17) -> 300 | F17: =IF(A17="","",IF(B17=0,"",LOOKUP(2,1/((Detalle_Pagos!$E$5:$E$2004=A17)*(Detalle_Pagos!$J$5:$J$2004="No")),Detalle_Pagos!$B$5:$B$2004))) -> 46148 | G17: =IF(A17="","",SUMIFS(Detalle_Pagos!$I$5:$I$2004,Detalle_Pagos!$E$5:$E$2004,A17,Detalle_Pagos!$J$5:$J$2004,"Si")) -> 0 | H17: =IF(A17="","",COUNTIFS(Detalle_Pagos!$E$5:$E$2004,A17,Detalle_Pagos!$J$5:$J$2004,"Si")) -> 0
A18: =IF(Trabajadores!B15="","",Trabajadores!B15) -> Gabriel | B18: =IF(A18="","",COUNTIFS(Detalle_Pagos!$E$5:$E$2004,A18,Detalle_Pagos!$J$5:$J$2004,"No")) -> 0 | C18: =IF(A18="","",SUMIFS(Detalle_Pagos!$I$5:$I$2004,Detalle_Pagos!$E$5:$E$2004,A18,Detalle_Pagos!$J$5:$J$2004,"No")) -> 0 | D18: =IF(A18="","",B18*IFERROR(INDEX(Trabajadores!$D$5:$D$204,MATCH(A18,Trabajadores!$B$5:$B$204,0)),0)) -> 0 | E18: =IF(A18="","",C18+D18) -> 0 | F18: =IF(A18="","",IF(B18=0,"",LOOKUP(2,1/((Detalle_Pagos!$E$5:$E$2004=A18)*(Detalle_Pagos!$J$5:$J$2004="No")),Detalle_Pagos!$B$5:$B$2004))) | G18: =IF(A18="","",SUMIFS(Detalle_Pagos!$I$5:$I$2004,Detalle_Pagos!$E$5:$E$2004,A18,Detalle_Pagos!$J$5:$J$2004,"Si")) -> 0 | H18: =IF(A18="","",COUNTIFS(Detalle_Pagos!$E$5:$E$2004,A18,Detalle_Pagos!$J$5:$J$2004,"Si")) -> 0
A19: =IF(Trabajadores!B16="","",Trabajadores!B16) -> Pavel | B19: =IF(A19="","",COUNTIFS(Detalle_Pagos!$E$5:$E$2004,A19,Detalle_Pagos!$J$5:$J$2004,"No")) -> 0 | C19: =IF(A19="","",SUMIFS(Detalle_Pagos!$I$5:$I$2004,Detalle_Pagos!$E$5:$E$2004,A19,Detalle_Pagos!$J$5:$J$2004,"No")) -> 0 | D19: =IF(A19="","",B19*IFERROR(INDEX(Trabajadores!$D$5:$D$204,MATCH(A19,Trabajadores!$B$5:$B$204,0)),0)) -> 0 | E19: =IF(A19="","",C19+D19) -> 0 | F19: =IF(A19="","",IF(B19=0,"",LOOKUP(2,1/((Detalle_Pagos!$E$5:$E$2004=A19)*(Detalle_Pagos!$J$5:$J$2004="No")),Detalle_Pagos!$B$5:$B$2004))) | G19: =IF(A19="","",SUMIFS(Detalle_Pagos!$I$5:$I$2004,Detalle_Pagos!$E$5:$E$2004,A19,Detalle_Pagos!$J$5:$J$2004,"Si")) -> 0 | H19: =IF(A19="","",COUNTIFS(Detalle_Pagos!$E$5:$E$2004,A19,Detalle_Pagos!$J$5:$J$2004,"Si")) -> 0
... A207: =IF(Trabajadores!B204="","",Trabajadores!B204) | B207: =IF(A207="","",COUNTIFS(Detalle_Pagos!$E$5:$E$2004,A207,Detalle_Pagos!$J$5:$J$2004,"No")) | C207: =IF(A207="","",SUMIFS(Detalle_Pagos!$I$5:$I$2004,Detalle_Pagos!$E$5:$E$2004,A207,Detalle_Pagos!$J$5:$J$2004,"No")) | D207: =IF(A207="","",B207*IFERROR(INDEX(Trabajadores!$D$5:$D$204,MATCH(A207,Trabajadores!$B$5:$B$204,0)),0)) | E207: =IF(A207="","",C207+D207) | F207: =IF(A207="","",IF(B207=0,"",LOOKUP(2,1/((Detalle_Pagos!$E$5:$E$2004=A207)*(Detalle_Pagos!$J$5:$J$2004="No")),Detalle_Pagos!$B$5:$B$2004))) | G207: =IF(A207="","",SUMIFS(Detalle_Pagos!$I$5:$I$2004,Detalle_Pagos!$E$5:$E$2004,A207,Detalle_Pagos!$J$5:$J$2004,"Si")) | H207: =IF(A207="","",COUNTIFS(Detalle_Pagos!$E$5:$E$2004,A207,Detalle_Pagos!$J$5:$J$2004,"Si"))

Sheet Resumen
A1: RESUMEN GENERAL Y FILTRO POR FECHAS
A3: Fecha inicio | B3: 46023 | D3: Total pagado | E3: =SUMIFS(Detalle_Pagos!$I$5:$I$2004,Detalle_Pagos!$J$5:$J$2004,"Si",Detalle_Pagos!$B$5:$B$2004,">="&$B$3,Detalle_Pagos!$B$5:$B$2004,"<="&$B$4) -> 0 | G3: Maniobras registradas | H3: =COUNTIFS(Maniobras!$A$5:$A$504,"<>",Maniobras!$B$5:$B$504,">="&$B$3,Maniobras!$B$5:$B$504,"<="&$B$4) -> 2
A4: Fecha fin | B4: 46387 | D4: Total pendiente | E4: =SUMIFS(Detalle_Pagos!$I$5:$I$2004,Detalle_Pagos!$J$5:$J$2004,"No",Detalle_Pagos!$B$5:$B$2004,">="&$B$3,Detalle_Pagos!$B$5:$B$2004,"<="&$B$4) -> 3150 | G4: Trabajadores con pendiente | H4: =COUNTIF(Pendientes!$B$8:$B$207,">0") -> 10
A7: Trabajador | B7: Maniobras en rango | C7: Pagado en rango | D7: Pendiente en rango | E7: # pendientes | F7: # pagadas | G7: Extra ref. pendientes | H7: Total + extra ref. | I7: Total general
A8: =IF(Trabajadores!B5="","",Trabajadores!B5) -> Carlos Salas | B8: =IF(A8="","",COUNTIFS(Detalle_Pagos!$E$5:$E$2004,A8,Detalle_Pagos!$B$5:$B$2004,">="&$B$3,Detalle_Pagos!$B$5:$B$2004,"<="&$B$4)) -> 1 | C8: =IF(A8="","",SUMIFS(Detalle_Pagos!$I$5:$I$2004,Detalle_Pagos!$E$5:$E$2004,A8,Detalle_Pagos!$J$5:$J$2004,"Si",Detalle_Pagos!$B$5:$B$2004,">="&$B$3,Detalle_Pagos!$B$5:$B$2004,"<="&$B$4)) -> 0 | D8: =IF(A8="","",SUMIFS(Detalle_Pagos!$I$5:$I$2004,Detalle_Pagos!$E$5:$E$2004,A8,Detalle_Pagos!$J$5:$J$2004,"No",Detalle_Pagos!$B$5:$B$2004,">="&$B$3,Detalle_Pagos!$B$5:$B$2004,"<="&$B$4)) -> 150 | E8: =IF(A8="","",COUNTIFS(Detalle_Pagos!$E$5:$E$2004,A8,Detalle_Pagos!$J$5:$J$2004,"No",Detalle_Pagos!$B$5:$B$2004,">="&$B$3,Detalle_Pagos!$B$5:$B$2004,"<="&$B$4)) -> 1 | F8: =IF(A8="","",COUNTIFS(Detalle_Pagos!$E$5:$E$2004,A8,Detalle_Pagos!$J$5:$J$2004,"Si",Detalle_Pagos!$B$5:$B$2004,">="&$B$3,Detalle_Pagos!$B$5:$B$2004,"<="&$B$4)) -> 0 | G8: =IF(A8="","",E8*IFERROR(INDEX(Trabajadores!$D$5:$D$204,MATCH(A8,Trabajadores!$B$5:$B$204,0)),0)) -> 100 | H8: =IF(A8="","",D8+G8) -> 250 | I8: =IF(A8="","",C8+D8) -> 150
A9: =IF(Trabajadores!B6="","",Trabajadores!B6) -> Juan | B9: =IF(A9="","",COUNTIFS(Detalle_Pagos!$E$5:$E$2004,A9,Detalle_Pagos!$B$5:$B$2004,">="&$B$3,Detalle_Pagos!$B$5:$B$2004,"<="&$B$4)) -> 2 | C9: =IF(A9="","",SUMIFS(Detalle_Pagos!$I$5:$I$2004,Detalle_Pagos!$E$5:$E$2004,A9,Detalle_Pagos!$J$5:$J$2004,"Si",Detalle_Pagos!$B$5:$B$2004,">="&$B$3,Detalle_Pagos!$B$5:$B$2004,"<="&$B$4)) -> 0 | D9: =IF(A9="","",SUMIFS(Detalle_Pagos!$I$5:$I$2004,Detalle_Pagos!$E$5:$E$2004,A9,Detalle_Pagos!$J$5:$J$2004,"No",Detalle_Pagos!$B$5:$B$2004,">="&$B$3,Detalle_Pagos!$B$5:$B$2004,"<="&$B$4)) -> 450 | E9: =IF(A9="","",COUNTIFS(Detalle_Pagos!$E$5:$E$2004,A9,Detalle_Pagos!$J$5:$J$2004,"No",Detalle_Pagos!$B$5:$B$2004,">="&$B$3,Detalle_Pagos!$B$5:$B$2004,"<="&$B$4)) -> 2 | F9: =IF(A9="","",COUNTIFS(Detalle_Pagos!$E$5:$E$2004,A9,Detalle_Pagos!$J$5:$J$2004,"Si",Detalle_Pagos!$B$5:$B$2004,">="&$B$3,Detalle_Pagos!$B$5:$B$2004,"<="&$B$4)) -> 0 | G9: =IF(A9="","",E9*IFERROR(INDEX(Trabajadores!$D$5:$D$204,MATCH(A9,Trabajadores!$B$5:$B$204,0)),0)) -> 0 | H9: =IF(A9="","",D9+G9) -> 450 | I9: =IF(A9="","",C9+D9) -> 450
A10: =IF(Trabajadores!B7="","",Trabajadores!B7) -> Uriel | B10: =IF(A10="","",COUNTIFS(Detalle_Pagos!$E$5:$E$2004,A10,Detalle_Pagos!$B$5:$B$2004,">="&$B$3,Detalle_Pagos!$B$5:$B$2004,"<="&$B$4)) -> 2 | C10: =IF(A10="","",SUMIFS(Detalle_Pagos!$I$5:$I$2004,Detalle_Pagos!$E$5:$E$2004,A10,Detalle_Pagos!$J$5:$J$2004,"Si",Detalle_Pagos!$B$5:$B$2004,">="&$B$3,Detalle_Pagos!$B$5:$B$2004,"<="&$B$4)) -> 0 | D10: =IF(A10="","",SUMIFS(Detalle_Pagos!$I$5:$I$2004,Detalle_Pagos!$E$5:$E$2004,A10,Detalle_Pagos!$J$5:$J$2004,"No",Detalle_Pagos!$B$5:$B$2004,">="&$B$3,Detalle_Pagos!$B$5:$B$2004,"<="&$B$4)) -> 450 | E10: =IF(A10="","",COUNTIFS(Detalle_Pagos!$E$5:$E$2004,A10,Detalle_Pagos!$J$5:$J$2004,"No",Detalle_Pagos!$B$5:$B$2004,">="&$B$3,Detalle_Pagos!$B$5:$B$2004,"<="&$B$4)) -> 2 | F10: =IF(A10="","",COUNTIFS(Detalle_Pagos!$E$5:$E$2004,A10,Detalle_Pagos!$J$5:$J$2004,"Si",Detalle_Pagos!$B$5:$B$2004,">="&$B$3,Detalle_Pagos!$B$5:$B$2004,"<="&$B$4)) -> 0 | G10: =IF(A10="","",E10*IFERROR(INDEX(Trabajadores!$D$5:$D$204,MATCH(A10,Trabajadores!$B$5:$B$204,0)),0)) -> 0 | H10: =IF(A10="","",D10+G10) -> 450 | I10: =IF(A10="","",C10+D10) -> 450
A11: =IF(Trabajadores!B8="","",Trabajadores!B8) -> Eliseo | B11: =IF(A11="","",COUNTIFS(Detalle_Pagos!$E$5:$E$2004,A11,Detalle_Pagos!$B$5:$B$2004,">="&$B$3,Detalle_Pagos!$B$5:$B$2004,"<="&$B$4)) -> 2 | C11: =IF(A11="","",SUMIFS(Detalle_Pagos!$I$5:$I$2004,Detalle_Pagos!$E$5:$E$2004,A11,Detalle_Pagos!$J$5:$J$2004,"Si",Detalle_Pagos!$B$5:$B$2004,">="&$B$3,Detalle_Pagos!$B$5:$B$2004,"<="&$B$4)) -> 0 | D11: =IF(A11="","",SUMIFS(Detalle_Pagos!$I$5:$I$2004,Detalle_Pagos!$E$5:$E$2004,A11,Detalle_Pagos!$J$5:$J$2004,"No",Detalle_Pagos!$B$5:$B$2004,">="&$B$3,Detalle_Pagos!$B$5:$B$2004,"<="&$B$4)) -> 450 | E11: =IF(A11="","",COUNTIFS(Detalle_Pagos!$E$5:$E$2004,A11,Detalle_Pagos!$J$5:$J$2004,"No",Detalle_Pagos!$B$5:$B$2004,">="&$B$3,Detalle_Pagos!$B$5:$B$2004,"<="&$B$4)) -> 2 | F11: =IF(A11="","",COUNTIFS(Detalle_Pagos!$E$5:$E$2004,A11,Detalle_Pagos!$J$5:$J$2004,"Si",Detalle_Pagos!$B$5:$B$2004,">="&$B$3,Detalle_Pagos!$B$5:$B$2004,"<="&$B$4)) -> 0 | G11: =IF(A11="","",E11*IFERROR(INDEX(Trabajadores!$D$5:$D$204,MATCH(A11,Trabajadores!$B$5:$B$204,0)),0)) -> 0 | H11: =IF(A11="","",D11+G11) -> 450 | I11: =IF(A11="","",C11+D11) -> 450
A12: =IF(Trabajadores!B9="","",Trabajadores!B9) -> Marcos | B12: =IF(A12="","",COUNTIFS(Detalle_Pagos!$E$5:$E$2004,A12,Detalle_Pagos!$B$5:$B$2004,">="&$B$3,Detalle_Pagos!$B$5:$B$2004,"<="&$B$4)) -> 1 | C12: =IF(A12="","",SUMIFS(Detalle_Pagos!$I$5:$I$2004,Detalle_Pagos!$E$5:$E$2004,A12,Detalle_Pagos!$J$5:$J$2004,"Si",Detalle_Pagos!$B$5:$B$2004,">="&$B$3,Detalle_Pagos!$B$5:$B$2004,"<="&$B$4)) -> 0 | D12: =IF(A12="","",SUMIFS(Detalle_Pagos!$I$5:$I$2004,Detalle_Pagos!$E$5:$E$2004,A12,Detalle_Pagos!$J$5:$J$2004,"No",Detalle_Pagos!$B$5:$B$2004,">="&$B$3,Detalle_Pagos!$B$5:$B$2004,"<="&$B$4)) -> 150 | E12: =IF(A12="","",COUNTIFS(Detalle_Pagos!$E$5:$E$2004,A12,Detalle_Pagos!$J$5:$J$2004,"No",Detalle_Pagos!$B$5:$B$2004,">="&$B$3,Detalle_Pagos!$B$5:$B$2004,"<="&$B$4)) -> 1 | F12: =IF(A12="","",COUNTIFS(Detalle_Pagos!$E$5:$E$2004,A12,Detalle_Pagos!$J$5:$J$2004,"Si",Detalle_Pagos!$B$5:$B$2004,">="&$B$3,Detalle_Pagos!$B$5:$B$2004,"<="&$B$4)) -> 0 | G12: =IF(A12="","",E12*IFERROR(INDEX(Trabajadores!$D$5:$D$204,MATCH(A12,Trabajadores!$B$5:$B$204,0)),0)) -> 0 | H12: =IF(A12="","",D12+G12) -> 150 | I12: =IF(A12="","",C12+D12) -> 150
A13: =IF(Trabajadores!B10="","",Trabajadores!B10) -> Fabián | B13: =IF(A13="","",COUNTIFS(Detalle_Pagos!$E$5:$E$2004,A13,Detalle_Pagos!$B$5:$B$2004,">="&$B$3,Detalle_Pagos!$B$5:$B$2004,"<="&$B$4)) -> 1 | C13: =IF(A13="","",SUMIFS(Detalle_Pagos!$I$5:$I$2004,Detalle_Pagos!$E$5:$E$2004,A13,Detalle_Pagos!$J$5:$J$2004,"Si",Detalle_Pagos!$B$5:$B$2004,">="&$B$3,Detalle_Pagos!$B$5:$B$2004,"<="&$B$4)) -> 0 | D13: =IF(A13="","",SUMIFS(Detalle_Pagos!$I$5:$I$2004,Detalle_Pagos!$E$5:$E$2004,A13,Detalle_Pagos!$J$5:$J$2004,"No",Detalle_Pagos!$B$5:$B$2004,">="&$B$3,Detalle_Pagos!$B$5:$B$2004,"<="&$B$4)) -> 150 | E13: =IF(A13="","",COUNTIFS(Detalle_Pagos!$E$5:$E$2004,A13,Detalle_Pagos!$J$5:$J$2004,"No",Detalle_Pagos!$B$5:$B$2004,">="&$B$3,Detalle_Pagos!$B$5:$B$2004,"<="&$B$4)) -> 1 | F13: =IF(A13="","",COUNTIFS(Detalle_Pagos!$E$5:$E$2004,A13,Detalle_Pagos!$J$5:$J$2004,"Si",Detalle_Pagos!$B$5:$B$2004,">="&$B$3,Detalle_Pagos!$B$5:$B$2004,"<="&$B$4)) -> 0 | G13: =IF(A13="","",E13*IFERROR(INDEX(Trabajadores!$D$5:$D$204,MATCH(A13,Trabajadores!$B$5:$B$204,0)),0)) -> 0 | H13: =IF(A13="","",D13+G13) -> 150 | I13: =IF(A13="","",C13+D13) -> 150
A14: =IF(Trabajadores!B11="","",Trabajadores!B11) -> Ramses | B14: =IF(A14="","",COUNTIFS(Detalle_Pagos!$E$5:$E$2004,A14,Detalle_Pagos!$B$5:$B$2004,">="&$B$3,Detalle_Pagos!$B$5:$B$2004,"<="&$B$4)) -> 2 | C14: =IF(A14="","",SUMIFS(Detalle_Pagos!$I$5:$I$2004,Detalle_Pagos!$E$5:$E$2004,A14,Detalle_Pagos!$J$5:$J$2004,"Si",Detalle_Pagos!$B$5:$B$2004,">="&$B$3,Detalle_Pagos!$B$5:$B$2004,"<="&$B$4)) -> 0 | D14: =IF(A14="","",SUMIFS(Detalle_Pagos!$I$5:$I$2004,Detalle_Pagos!$E$5:$E$2004,A14,Detalle_Pagos!$J$5:$J$2004,"No",Detalle_Pagos!$B$5:$B$2004,">="&$B$3,Detalle_Pagos!$B$5:$B$2004,"<="&$B$4)) -> 450 | E14: =IF(A14="","",COUNTIFS(Detalle_Pagos!$E$5:$E$2004,A14,Detalle_Pagos!$J$5:$J$2004,"No",Detalle_Pagos!$B$5:$B$2004,">="&$B$3,Detalle_Pagos!$B$5:$B$2004,"<="&$B$4)) -> 2 | F14: =IF(A14="","",COUNTIFS(Detalle_Pagos!$E$5:$E$2004,A14,Detalle_Pagos!$J$5:$J$2004,"Si",Detalle_Pagos!$B$5:$B$2004,">="&$B$3,Detalle_Pagos!$B$5:$B$2004,"<="&$B$4)) -> 0 | G14: =IF(A14="","",E14*IFERROR(INDEX(Trabajadores!$D$5:$D$204,MATCH(A14,Trabajadores!$B$5:$B$204,0)),0)) -> 0 | H14: =IF(A14="","",D14+G14) -> 450 | I14: =IF(A14="","",C14+D14) -> 450
A15: =IF(Trabajadores!B12="","",Trabajadores!B12) -> Emanuel | B15: =IF(A15="","",COUNTIFS(Detalle_Pagos!$E$5:$E$2004,A15,Detalle_Pagos!$B$5:$B$2004,">="&$B$3,Detalle_Pagos!$B$5:$B$2004,"<="&$B$4)) -> 1 | C15: =IF(A15="","",SUMIFS(Detalle_Pagos!$I$5:$I$2004,Detalle_Pagos!$E$5:$E$2004,A15,Detalle_Pagos!$J$5:$J$2004,"Si",Detalle_Pagos!$B$5:$B$2004,">="&$B$3,Detalle_Pagos!$B$5:$B$2004,"<="&$B$4)) -> 0 | D15: =IF(A15="","",SUMIFS(Detalle_Pagos!$I$5:$I$2004,Detalle_Pagos!$E$5:$E$2004,A15,Detalle_Pagos!$J$5:$J$2004,"No",Detalle_Pagos!$B$5:$B$2004,">="&$B$3,Detalle_Pagos!$B$5:$B$2004,"<="&$B$4)) -> 300 | E15: =IF(A15="","",COUNTIFS(Detalle_Pagos!$E$5:$E$2004,A15,Detalle_Pagos!$J$5:$J$2004,"No",Detalle_Pagos!$B$5:$B$2004,">="&$B$3,Detalle_Pagos!$B$5:$B$2004,"<="&$B$4)) -> 1 | F15: =IF(A15="","",COUNTIFS(Detalle_Pagos!$E$5:$E$2004,A15,Detalle_Pagos!$J$5:$J$2004,"Si",Detalle_Pagos!$B$5:$B$2004,">="&$B$3,Detalle_Pagos!$B$5:$B$2004,"<="&$B$4)) -> 0 | G15: =IF(A15="","",E15*IFERROR(INDEX(Trabajadores!$D$5:$D$204,MATCH(A15,Trabajadores!$B$5:$B$204,0)),0)) -> 0 | H15: =IF(A15="","",D15+G15) -> 300 | I15: =IF(A15="","",C15+D15) -> 300
A16: =IF(Trabajadores!B13="","",Trabajadores!B13) -> Ahmed | B16: =IF(A16="","",COUNTIFS(Detalle_Pagos!$E$5:$E$2004,A16,Detalle_Pagos!$B$5:$B$2004,">="&$B$3,Detalle_Pagos!$B$5:$B$2004,"<="&$B$4)) -> 1 | C16: =IF(A16="","",SUMIFS(Detalle_Pagos!$I$5:$I$2004,Detalle_Pagos!$E$5:$E$2004,A16,Detalle_Pagos!$J$5:$J$2004,"Si",Detalle_Pagos!$B$5:$B$2004,">="&$B$3,Detalle_Pagos!$B$5:$B$2004,"<="&$B$4)) -> 0 | D16: =IF(A16="","",SUMIFS(Detalle_Pagos!$I$5:$I$2004,Detalle_Pagos!$E$5:$E$2004,A16,Detalle_Pagos!$J$5:$J$2004,"No",Detalle_Pagos!$B$5:$B$2004,">="&$B$3,Detalle_Pagos!$B$5:$B$2004,"<="&$B$4)) -> 300 | E16: =IF(A16="","",COUNTIFS(Detalle_Pagos!$E$5:$E$2004,A16,Detalle_Pagos!$J$5:$J$2004,"No",Detalle_Pagos!$B$5:$B$2004,">="&$B$3,Detalle_Pagos!$B$5:$B$2004,"<="&$B$4)) -> 1 | F16: =IF(A16="","",COUNTIFS(Detalle_Pagos!$E$5:$E$2004,A16,Detalle_Pagos!$J$5:$J$2004,"Si",Detalle_Pagos!$B$5:$B$2004,">="&$B$3,Detalle_Pagos!$B$5:$B$2004,"<="&$B$4)) -> 0 | G16: =IF(A16="","",E16*IFERROR(INDEX(Trabajadores!$D$5:$D$204,MATCH(A16,Trabajadores!$B$5:$B$204,0)),0)) -> 0 | H16: =IF(A16="","",D16+G16) -> 300 | I16: =IF(A16="","",C16+D16) -> 300
A17: =IF(Trabajadores!B14="","",Trabajadores!B14) -> Juan Carlos | B17: =IF(A17="","",COUNTIFS(Detalle_Pagos!$E$5:$E$2004,A17,Detalle_Pagos!$B$5:$B$2004,">="&$B$3,Detalle_Pagos!$B$5:$B$2004,"<="&$B$4)) -> 1 | C17: =IF(A17="","",SUMIFS(Detalle_Pagos!$I$5:$I$2004,Detalle_Pagos!$E$5:$E$2004,A17,Detalle_Pagos!$J$5:$J$2004,"Si",Detalle_Pagos!$B$5:$B$2004,">="&$B$3,Detalle_Pagos!$B$5:$B$2004,"<="&$B$4)) -> 0 | D17: =IF(A17="","",SUMIFS(Detalle_Pagos!$I$5:$I$2004,Detalle_Pagos!$E$5:$E$2004,A17,Detalle_Pagos!$J$5:$J$2004,"No",Detalle_Pagos!$B$5:$B$2004,">="&$B$3,Detalle_Pagos!$B$5:$B$2004,"<="&$B$4)) -> 300 | E17: =IF(A17="","",COUNTIFS(Detalle_Pagos!$E$5:$E$2004,A17,Detalle_Pagos!$J$5:$J$2004,"No",Detalle_Pagos!$B$5:$B$2004,">="&$B$3,Detalle_Pagos!$B$5:$B$2004,"<="&$B$4)) -> 1 | F17: =IF(A17="","",COUNTIFS(Detalle_Pagos!$E$5:$E$2004,A17,Detalle_Pagos!$J$5:$J$2004,"Si",Detalle_Pagos!$B$5:$B$2004,">="&$B$3,Detalle_Pagos!$B$5:$B$2004,"<="&$B$4)) -> 0 | G17: =IF(A17="","",E17*IFERROR(INDEX(Trabajadores!$D$5:$D$204,MATCH(A17,Trabajadores!$B$5:$B$204,0)),0)) -> 0 | H17: =IF(A17="","",D17+G17) -> 300 | I17: =IF(A17="","",C17+D17) -> 300
A18: =IF(Trabajadores!B15="","",Trabajadores!B15) -> Gabriel | B18: =IF(A18="","",COUNTIFS(Detalle_Pagos!$E$5:$E$2004,A18,Detalle_Pagos!$B$5:$B$2004,">="&$B$3,Detalle_Pagos!$B$5:$B$2004,"<="&$B$4)) -> 0 | C18: =IF(A18="","",SUMIFS(Detalle_Pagos!$I$5:$I$2004,Detalle_Pagos!$E$5:$E$2004,A18,Detalle_Pagos!$J$5:$J$2004,"Si",Detalle_Pagos!$B$5:$B$2004,">="&$B$3,Detalle_Pagos!$B$5:$B$2004,"<="&$B$4)) -> 0 | D18: =IF(A18="","",SUMIFS(Detalle_Pagos!$I$5:$I$2004,Detalle_Pagos!$E$5:$E$2004,A18,Detalle_Pagos!$J$5:$J$2004,"No",Detalle_Pagos!$B$5:$B$2004,">="&$B$3,Detalle_Pagos!$B$5:$B$2004,"<="&$B$4)) -> 0 | E18: =IF(A18="","",COUNTIFS(Detalle_Pagos!$E$5:$E$2004,A18,Detalle_Pagos!$J$5:$J$2004,"No",Detalle_Pagos!$B$5:$B$2004,">="&$B$3,Detalle_Pagos!$B$5:$B$2004,"<="&$B$4)) -> 0 | F18: =IF(A18="","",COUNTIFS(Detalle_Pagos!$E$5:$E$2004,A18,Detalle_Pagos!$J$5:$J$2004,"Si",Detalle_Pagos!$B$5:$B$2004,">="&$B$3,Detalle_Pagos!$B$5:$B$2004,"<="&$B$4)) -> 0 | G18: =IF(A18="","",E18*IFERROR(INDEX(Trabajadores!$D$5:$D$204,MATCH(A18,Trabajadores!$B$5:$B$204,0)),0)) -> 0 | H18: =IF(A18="","",D18+G18) -> 0 | I18: =IF(A18="","",C18+D18) -> 0
A19: =IF(Trabajadores!B16="","",Trabajadores!B16) -> Pavel | B19: =IF(A19="","",COUNTIFS(Detalle_Pagos!$E$5:$E$2004,A19,Detalle_Pagos!$B$5:$B$2004,">="&$B$3,Detalle_Pagos!$B$5:$B$2004,"<="&$B$4)) -> 0 | C19: =IF(A19="","",SUMIFS(Detalle_Pagos!$I$5:$I$2004,Detalle_Pagos!$E$5:$E$2004,A19,Detalle_Pagos!$J$5:$J$2004,"Si",Detalle_Pagos!$B$5:$B$2004,">="&$B$3,Detalle_Pagos!$B$5:$B$2004,"<="&$B$4)) -> 0 | D19: =IF(A19="","",SUMIFS(Detalle_Pagos!$I$5:$I$2004,Detalle_Pagos!$E$5:$E$2004,A19,Detalle_Pagos!$J$5:$J$2004,"No",Detalle_Pagos!$B$5:$B$2004,">="&$B$3,Detalle_Pagos!$B$5:$B$2004,"<="&$B$4)) -> 0 | E19: =IF(A19="","",COUNTIFS(Detalle_Pagos!$E$5:$E$2004,A19,Detalle_Pagos!$J$5:$J$2004,"No",Detalle_Pagos!$B$5:$B$2004,">="&$B$3,Detalle_Pagos!$B$5:$B$2004,"<="&$B$4)) -> 0 | F19: =IF(A19="","",COUNTIFS(Detalle_Pagos!$E$5:$E$2004,A19,Detalle_Pagos!$J$5:$J$2004,"Si",Detalle_Pagos!$B$5:$B$2004,">="&$B$3,Detalle_Pagos!$B$5:$B$2004,"<="&$B$4)) -> 0 | G19: =IF(A19="","",E19*IFERROR(INDEX(Trabajadores!$D$5:$D$204,MATCH(A19,Trabajadores!$B$5:$B$204,0)),0)) -> 0 | H19: =IF(A19="","",D19+G19) -> 0 | I19: =IF(A19="","",C19+D19) -> 0
... A207: =IF(Trabajadores!B204="","",Trabajadores!B204) | B207: =IF(A207="","",COUNTIFS(Detalle_Pagos!$E$5:$E$2004,A207,Detalle_Pagos!$B$5:$B$2004,">="&$B$3,Detalle_Pagos!$B$5:$B$2004,"<="&$B$4)) | C207: =IF(A207="","",SUMIFS(Detalle_Pagos!$I$5:$I$2004,Detalle_Pagos!$E$5:$E$2004,A207,Detalle_Pagos!$J$5:$J$2004,"Si",Detalle_Pagos!$B$5:$B$2004,">="&$B$3,Detalle_Pagos!$B$5:$B$2004,"<="&$B$4)) | D207: =IF(A207="","",SUMIFS(Detalle_Pagos!$I$5:$I$2004,Detalle_Pagos!$E$5:$E$2004,A207,Detalle_Pagos!$J$5:$J$2004,"No",Detalle_Pagos!$B$5:$B$2004,">="&$B$3,Detalle_Pagos!$B$5:$B$2004,"<="&$B$4)) | E207: =IF(A207="","",COUNTIFS(Detalle_Pagos!$E$5:$E$2004,A207,Detalle_Pagos!$J$5:$J$2004,"No",Detalle_Pagos!$B$5:$B$2004,">="&$B$3,Detalle_Pagos!$B$5:$B$2004,"<="&$B$4)) | F207: =IF(A207="","",COUNTIFS(Detalle_Pagos!$E$5:$E$2004,A207,Detalle_Pagos!$J$5:$J$2004,"Si",Detalle_Pagos!$B$5:$B$2004,">="&$B$3,Detalle_Pagos!$B$5:$B$2004,"<="&$B$4)) | G207: =IF(A207="","",E207*IFERROR(INDEX(Trabajadores!$D$5:$D$204,MATCH(A207,Trabajadores!$B$5:$B$204,0)),0)) | H207: =IF(A207="","",D207+G207) | I207: =IF(A207="","",C207+D207)

Sheet Ficha
A1: MANIOBRA DE DESCARGA
A3: No. de maniobra: | B3: 41
A4: Fecha: | B4: =IFERROR(INDEX(Maniobras!$B$5:$B$504,MATCH($B$3,Maniobras!$A$5:$A$504,0)),"") -> 46147
A5: Horario de descarga: | B5: =IFERROR(INDEX(Maniobras!$C$5:$C$504,MATCH($B$3,Maniobras!$A$5:$A$504,0)),"") -> 5:30-6:30
A7: Materia prima: | B7: =IFERROR(INDEX(Maniobras!$D$5:$D$504,MATCH($B$3,Maniobras!$A$5:$A$504,0)),"") -> SORGO
A8: Toneladas descargadas: | B8: =IFERROR(INDEX(Maniobras!$F$5:$F$504,MATCH($B$3,Maniobras!$A$5:$A$504,0)),"") -> 19.5
A11: CÁLCULO DE LA MANIOBRA
A13: Tarifa aplicada: | B13: =IFERROR(INDEX(Maniobras!$G$5:$G$504,MATCH($B$3,Maniobras!$A$5:$A$504,0)),"") -> 60
A14: Total: | B14: =IFERROR(INDEX(Maniobras!$I$5:$I$504,MATCH($B$3,Maniobras!$A$5:$A$504,0)),"") -> 1070
A15: # colaboradores | B15: =IFERROR(INDEX(Maniobras!$J$5:$J$504,MATCH($B$3,Maniobras!$A$5:$A$504,0)),"") -> 7
A16: Importe sugerido | B16: =IFERROR(INDEX(Maniobras!$K$5:$K$504,MATCH($B$3,Maniobras!$A$5:$A$504,0)),"") -> 152.85714
A19: PERSONAL QUE PARTICIPÓ
A20: No. | B20: Nombre | C20: Importe recibido | D20: Fecha de cobro | E20: Firma
A21: =IF(B21="","",ROWS($A$21:A21)) -> 1 | B21: =IFERROR(INDEX(Detalle_Pagos!$E$5:$E$2004,MATCH(ROWS($A$21:A21),Detalle_Pagos!$M$5:$M$2004,0)),"") -> Carlos Salas | C21: =IF(B21="","",IFERROR(INDEX(Detalle_Pagos!$I$5:$I$2004,MATCH(ROWS($A$21:A21),Detalle_Pagos!$M$5:$M$2004,0)),"")) -> 150 | D21: =IF(B21="","",IF(IFERROR(INDEX(Detalle_Pagos!$K$5:$K$2004,MATCH(ROWS($A$21:A21),Detalle_Pagos!$M$5:$M$2004,0)),"")=0,"",IFERROR(INDEX(Detalle_Pagos!$K$5:$K$2004,MATCH(ROWS($A$21:A21),Detalle_Pagos!$M$5:$M$2004,0)),"")))
A22: =IF(B22="","",ROWS($A$21:A22)) -> 2 | B22: =IFERROR(INDEX(Detalle_Pagos!$E$5:$E$2004,MATCH(ROWS($A$21:A22),Detalle_Pagos!$M$5:$M$2004,0)),"") -> Juan | C22: =IF(B22="","",IFERROR(INDEX(Detalle_Pagos!$I$5:$I$2004,MATCH(ROWS($A$21:A22),Detalle_Pagos!$M$5:$M$2004,0)),"")) -> 150 | D22: =IF(B22="","",IF(IFERROR(INDEX(Detalle_Pagos!$K$5:$K$2004,MATCH(ROWS($A$21:A22),Detalle_Pagos!$M$5:$M$2004,0)),"")=0,"",IFERROR(INDEX(Detalle_Pagos!$K$5:$K$2004,MATCH(ROWS($A$21:A22),Detalle_Pagos!$M$5:$M$2004,0)),"")))
A23: =IF(B23="","",ROWS($A$21:A23)) -> 3 | B23: =IFERROR(INDEX(Detalle_Pagos!$E$5:$E$2004,MATCH(ROWS($A$21:A23),Detalle_Pagos!$M$5:$M$2004,0)),"") -> Uriel | C23: =IF(B23="","",IFERROR(INDEX(Detalle_Pagos!$I$5:$I$2004,MATCH(ROWS($A$21:A23),Detalle_Pagos!$M$5:$M$2004,0)),"")) -> 150 | D23: =IF(B23="","",IF(IFERROR(INDEX(Detalle_Pagos!$K$5:$K$2004,MATCH(ROWS($A$21:A23),Detalle_Pagos!$M$5:$M$2004,0)),"")=0,"",IFERROR(INDEX(Detalle_Pagos!$K$5:$K$2004,MATCH(ROWS($A$21:A23),Detalle_Pagos!$M$5:$M$2004,0)),"")))
A24: =IF(B24="","",ROWS($A$21:A24)) -> 4 | B24: =IFERROR(INDEX(Detalle_Pagos!$E$5:$E$2004,MATCH(ROWS($A$21:A24),Detalle_Pagos!$M$5:$M$2004,0)),"") -> Eliseo | C24: =IF(B24="","",IFERROR(INDEX(Detalle_Pagos!$I$5:$I$2004,MATCH(ROWS($A$21:A24),Detalle_Pagos!$M$5:$M$2004,0)),"")) -> 150 | D24: =IF(B24="","",IF(IFERROR(INDEX(Detalle_Pagos!$K$5:$K$2004,MATCH(ROWS($A$21:A24),Detalle_Pagos!$M$5:$M$2004,0)),"")=0,"",IFERROR(INDEX(Detalle_Pagos!$K$5:$K$2004,MATCH(ROWS($A$21:A24),Detalle_Pagos!$M$5:$M$2004,0)),"")))
A25: =IF(B25="","",ROWS($A$21:A25)) -> 5 | B25: =IFERROR(INDEX(Detalle_Pagos!$E$5:$E$2004,MATCH(ROWS($A$21:A25),Detalle_Pagos!$M$5:$M$2004,0)),"") -> Marcos | C25: =IF(B25="","",IFERROR(INDEX(Detalle_Pagos!$I$5:$I$2004,MATCH(ROWS($A$21:A25),Detalle_Pagos!$M$5:$M$2004,0)),"")) -> 150 | D25: =IF(B25="","",IF(IFERROR(INDEX(Detalle_Pagos!$K$5:$K$2004,MATCH(ROWS($A$21:A25),Detalle_Pagos!$M$5:$M$2004,0)),"")=0,"",IFERROR(INDEX(Detalle_Pagos!$K$5:$K$2004,MATCH(ROWS($A$21:A25),Detalle_Pagos!$M$5:$M$2004,0)),"")))
A26: =IF(B26="","",ROWS($A$21:A26)) -> 6 | B26: =IFERROR(INDEX(Detalle_Pagos!$E$5:$E$2004,MATCH(ROWS($A$21:A26),Detalle_Pagos!$M$5:$M$2004,0)),"") -> Fabián | C26: =IF(B26="","",IFERROR(INDEX(Detalle_Pagos!$I$5:$I$2004,MATCH(ROWS($A$21:A26),Detalle_Pagos!$M$5:$M$2004,0)),"")) -> 150 | D26: =IF(B26="","",IF(IFERROR(INDEX(Detalle_Pagos!$K$5:$K$2004,MATCH(ROWS($A$21:A26),Detalle_Pagos!$M$5:$M$2004,0)),"")=0,"",IFERROR(INDEX(Detalle_Pagos!$K$5:$K$2004,MATCH(ROWS($A$21:A26),Detalle_Pagos!$M$5:$M$2004,0)),"")))
A27: =IF(B27="","",ROWS($A$21:A27)) -> 7 | B27: =IFERROR(INDEX(Detalle_Pagos!$E$5:$E$2004,MATCH(ROWS($A$21:A27),Detalle_Pagos!$M$5:$M$2004,0)),"") -> Ramses | C27: =IF(B27="","",IFERROR(INDEX(Detalle_Pagos!$I$5:$I$2004,MATCH(ROWS($A$21:A27),Detalle_Pagos!$M$5:$M$2004,0)),"")) -> 150 | D27: =IF(B27="","",IF(IFERROR(INDEX(Detalle_Pagos!$K$5:$K$2004,MATCH(ROWS($A$21:A27),Detalle_Pagos!$M$5:$M$2004,0)),"")=0,"",IFERROR(INDEX(Detalle_Pagos!$K$5:$K$2004,MATCH(ROWS($A$21:A27),Detalle_Pagos!$M$5:$M$2004,0)),"")))
A28: =IF(B28="","",ROWS($A$21:A28)) | B28: =IFERROR(INDEX(Detalle_Pagos!$E$5:$E$2004,MATCH(ROWS($A$21:A28),Detalle_Pagos!$M$5:$M$2004,0)),"") | C28: =IF(B28="","",IFERROR(INDEX(Detalle_Pagos!$I$5:$I$2004,MATCH(ROWS($A$21:A28),Detalle_Pagos!$M$5:$M$2004,0)),"")) | D28: =IF(B28="","",IF(IFERROR(INDEX(Detalle_Pagos!$K$5:$K$2004,MATCH(ROWS($A$21:A28),Detalle_Pagos!$M$5:$M$2004,0)),"")=0,"",IFERROR(INDEX(Detalle_Pagos!$K$5:$K$2004,MATCH(ROWS($A$21:A28),Detalle_Pagos!$M$5:$M$2004,0)),"")))
A29: =IF(B29="","",ROWS($A$21:A29)) | B29: =IFERROR(INDEX(Detalle_Pagos!$E$5:$E$2004,MATCH(ROWS($A$21:A29),Detalle_Pagos!$M$5:$M$2004,0)),"") | C29: =IF(B29="","",IFERROR(INDEX(Detalle_Pagos!$I$5:$I$2004,MATCH(ROWS($A$21:A29),Detalle_Pagos!$M$5:$M$2004,0)),"")) | D29: =IF(B29="","",IF(IFERROR(INDEX(Detalle_Pagos!$K$5:$K$2004,MATCH(ROWS($A$21:A29),Detalle_Pagos!$M$5:$M$2004,0)),"")=0,"",IFERROR(INDEX(Detalle_Pagos!$K$5:$K$2004,MATCH(ROWS($A$21:A29),Detalle_Pagos!$M$5:$M$2004,0)),"")))
A30: =IF(B30="","",ROWS($A$21:A30)) | B30: =IFERROR(INDEX(Detalle_Pagos!$E$5:$E$2004,MATCH(ROWS($A$21:A30),Detalle_Pagos!$M$5:$M$2004,0)),"") | C30: =IF(B30="","",IFERROR(INDEX(Detalle_Pagos!$I$5:$I$2004,MATCH(ROWS($A$21:A30),Detalle_Pagos!$M$5:$M$2004,0)),"")) | D30: =IF(B30="","",IF(IFERROR(INDEX(Detalle_Pagos!$K$5:$K$2004,MATCH(ROWS($A$21:A30),Detalle_Pagos!$M$5:$M$2004,0)),"")=0,"",IFERROR(INDEX(Detalle_Pagos!$K$5:$K$2004,MATCH(ROWS($A$21:A30),Detalle_Pagos!$M$5:$M$2004,0)),"")))
A31: =IF(B31="","",ROWS($A$21:A31)) | B31: =IFERROR(INDEX(Detalle_Pagos!$E$5:$E$2004,MATCH(ROWS($A$21:A31),Detalle_Pagos!$M$5:$M$2004,0)),"") | C31: =IF(B31="","",IFERROR(INDEX(Detalle_Pagos!$I$5:$I$2004,MATCH(ROWS($A$21:A31),Detalle_Pagos!$M$5:$M$2004,0)),"")) | D31: =IF(B31="","",IF(IFERROR(INDEX(Detalle_Pagos!$K$5:$K$2004,MATCH(ROWS($A$21:A31),Detalle_Pagos!$M$5:$M$2004,0)),"")=0,"",IFERROR(INDEX(Detalle_Pagos!$K$5:$K$2004,MATCH(ROWS($A$21:A31),Detalle_Pagos!$M$5:$M$2004,0)),"")))
A32: =IF(B32="","",ROWS($A$21:A32)) | B32: =IFERROR(INDEX(Detalle_Pagos!$E$5:$E$2004,MATCH(ROWS($A$21:A32),Detalle_Pagos!$M$5:$M$2004,0)),"") | C32: =IF(B32="","",IFERROR(INDEX(Detalle_Pagos!$I$5:$I$2004,MATCH(ROWS($A$21:A32),Detalle_Pagos!$M$5:$M$2004,0)),"")) | D32: =IF(B32="","",IF(IFERROR(INDEX(Detalle_Pagos!$K$5:$K$2004,MATCH(ROWS($A$21:A32),Detalle_Pagos!$M$5:$M$2004,0)),"")=0,"",IFERROR(INDEX(Detalle_Pagos!$K$5:$K$2004,MATCH(ROWS($A$21:A32),Detalle_Pagos!$M$5:$M$2004,0)),"")))
... A35: =IF(B35="","",ROWS($A$21:A35)) | B35: =IFERROR(INDEX(Detalle_Pagos!$E$5:$E$2004,MATCH(ROWS($A$21:A35),Detalle_Pagos!$M$5:$M$2004,0)),"") | C35: =IF(B35="","",IFERROR(INDEX(Detalle_Pagos!$I$5:$I$2004,MATCH(ROWS($A$21:A35),Detalle_Pagos!$M$5:$M$2004,0)),"")) | D35: =IF(B35="","",IF(IFERROR(INDEX(Detalle_Pagos!$K$5:$K$2004,MATCH(ROWS($A$21:A35),Detalle_Pagos!$M$5:$M$2004,0)),"")=0,"",IFERROR(INDEX(Detalle_Pagos!$K$5:$K$2004,MATCH(ROWS($A$21:A35),Detalle_Pagos!$M$5:$M$2004,0)),"")))

Sheet EJEMPLO
A1: MANIOBRA DE DESCARGA
A3: No. de maniobra: | B3: 41
A4: Fecha: | B4: 46147
A5: Horario de descarga: | B5: 5:30-6:30
A7: Materia prima: | B7: sorgo
A8: Toneladas descargadas: | B8: 19.5
A11: CÁLCULO DE LA MANIOBRA
B13: 60
A14: Total: | B14: =B13*B8-100 -> 1070
A15: # colaboradores | B15: 7
A16: Importe por colaborador | B16: =B14/B15 -> 152.85714
A19: PERSONAL QUE PARTICIPÓ
A20: No. | B20: Nombre | C20: Importe recibido | D20: Fecha de cobro | E20: Firma
A21: 1 | B21: Carlos Salas | C21: 150
A22: 2 | B22: Juan | C22: 150
A23: 3 | B23: Uriel | C23: 150
A24: 4 | B24: Eliseo | C24: 150
A25: 5 | B25: Marcos | C25: 150
A26: 6 | B26: Fabián | C26: 150
A27: 7 | B27: Ramses | C27: 150
A30: MANIOBRA DE DESCARGA
A32: No. de maniobra: | B32: 42
A33: Fecha: | B33: 46148
A34: Horario de descarga: | B34: 5:30-19:00
A36: Materia prima: | B36: MAIZ
A37: Toneladas descargadas: | B37: 37
A40: CÁLCULO DE LA MANIOBRA
B42: 60
A43: Total: | B43: =B42*B37-100 -> 2120
A44: # colaboradores | B44: 7
A45: Importe por colaborador | B45: =B43/B44 -> 302.85714
A48: PERSONAL QUE PARTICIPÓ
A49: No. | B49: Nombre | C49: Importe recibido | D49: Fecha de cobro | E49: Firma
A50: 1 | B50: EMANUEL | C50: 300
A51: 2 | B51: URIEL | C51: 300
A52: 3 | B52: AHMED | C52: 300
A53: 4 | B53: JUAN | C53: 300
A54: 5 | B54: ELISEO | C54: 300
A55: 6 | B55: RAMSES | C55: 300
A56: 7 | B56: JUAN CARLOS | C56: 300
